[bench] batch=postfixB parsing 100 files from checkpoints\run\run-2026-09-04-parser-reliability\sources\pdf
[32m[INFO] 2026-09-13 23:56:38,786 [RapidOCR] base.py:23: Using engine_name: onnxruntime[0m
[32m[INFO] 2026-09-13 23:56:38,966 [RapidOCR] download_file.py:60: File exists and is valid: C:\Users\Asus\Downloads\projects\22_07\.venv\Lib\site-packages\rapidocr\models\PP-OCRv6_det_small.onnx[0m
[32m[INFO] 2026-09-13 23:56:38,966 [RapidOCR] main.py:63: Using C:\Users\Asus\Downloads\projects\22_07\.venv\Lib\site-packages\rapidocr\models\PP-OCRv6_det_small.onnx[0m
[32m[INFO] 2026-09-13 23:56:39,094 [RapidOCR] base.py:23: Using engine_name: onnxruntime[0m
[32m[INFO] 2026-09-13 23:56:39,098 [RapidOCR] download_file.py:60: File exists and is valid: C:\Users\Asus\Downloads\projects\22_07\.venv\Lib\site-packages\rapidocr\models\ch_ppocr_mobile_v2.0_cls_mobile.onnx[0m
[32m[INFO] 2026-09-13 23:56:39,098 [RapidOCR] main.py:63: Using C:\Users\Asus\Downloads\projects\22_07\.venv\Lib\site-packages\rapidocr\models\ch_ppocr_mobile_v2.0_cls_mobile.onnx[0m
[32m[INFO] 2026-09-13 23:56:39,178 [RapidOCR] base.py:23: Using engine_name: onnxruntime[0m
[32m[INFO] 2026-09-13 23:56:39,207 [RapidOCR] download_file.py:60: File exists and is valid: C:\Users\Asus\Downloads\projects\22_07\.venv\Lib\site-packages\rapidocr\models\PP-OCRv6_rec_small.onnx[0m
[32m[INFO] 2026-09-13 23:56:39,207 [RapidOCR] main.py:63: Using C:\Users\Asus\Downloads\projects\22_07\.venv\Lib\site-packages\rapidocr\models\PP-OCRv6_rec_small.onnx[0m
[transformers] `torch_dtype` is deprecated! Use `dtype` instead!
Consider using the pymupdf_layout package for a greatly improved page layout analysis.

Loading weights:   0%|          | 0/770 [00:00<?, ?it/s]
Loading weights:  52%|#####2    | 404/770 [00:00<00:00, 3994.88it/s]
Loading weights: 100%|##########| 770/770 [00:00<00:00, 3974.68it/s]
[event] {"event": "document.parsed.v1", "time": "1789324035.192", "document_id": "d-ca3ae67cd3fdd991", "parser_version": "parser-v0.1.0", "type": "pdf", "probe": "magic", "sha256": "ca3ae67cd3fdd9914a42dfff4bf7cffec11f32eefbf52b4c12d3e3aefdc2a079", "expected_pages": 17, "actual_pages": 17, "assembly_status": "ok", "elapsed_ms": 55435.7, "timings": {"detect_ms": 0.0, "route_ms": 905.9, "scan_ms": 7.6, "plan_ms": 17246.4, "run_ms": 37020.5, "assemble_ms": 253.7, "total_ms": 55435.7}, "blocks": 240, "tables": 7, "images": 5, "pages": 17, "ocr": null, "route": "docling", "dom_key": "dom/d-ca3ae67cd3fdd991/dom-v0.1.0.docJSON", "raw_key": "raw/ca3ae67cd3fdd9914a42dfff4bf7cffec11f32eefbf52b4c12d3e3aefdc2a079.pdf"}
OK   PMC10088797.pdf              pdf        pages=17  blocks=240  tables=7   route=docling
      timings: detect_ms=0.0ms  route_ms=905.9ms  scan_ms=7.6ms  plan_ms=17246.4ms  run_ms=37020.5ms  assemble_ms=253.7ms  total_ms=55435.7ms  total=55435.7ms
[33m[WARNING] 2026-09-13 23:57:17,422 [RapidOCR] main.py:132: The text detection result is empty[0m
RapidOCR returned empty result!
[event] {"event": "document.parsed.v1", "time": "1789324062.019", "document_id": "d-eaad2fc787ff9f17", "parser_version": "parser-v0.1.0", "type": "pdf", "probe": "magic", "sha256": "eaad2fc787ff9f170b3ce5fe78d3f538b1945b8ed43fd37e7642df087866e3d8", "expected_pages": 23, "actual_pages": 23, "assembly_status": "ok", "elapsed_ms": 26826.0, "timings": {"detect_ms": 0.0, "route_ms": 1086.4, "scan_ms": 7.4, "plan_ms": 2.1, "run_ms": 25520.3, "assemble_ms": 208.6, "total_ms": 26826.0}, "blocks": 211, "tables": 7, "images": 9, "pages": 23, "ocr": null, "route": "docling", "dom_key": "dom/d-eaad2fc787ff9f17/dom-v0.1.0.docJSON", "raw_key": "raw/eaad2fc787ff9f170b3ce5fe78d3f538b1945b8ed43fd37e7642df087866e3d8.pdf"}
OK   PMC10121009.pdf              pdf        pages=23  blocks=211  tables=7   route=docling
      timings: detect_ms=0.0ms  route_ms=1086.4ms  scan_ms=7.4ms  plan_ms=2.1ms  run_ms=25520.3ms  assemble_ms=208.6ms  total_ms=26826.0ms  total=26826.0ms
[event] {"event": "document.parsed.v1", "time": "1789324069.917", "document_id": "d-83e5f0b56b672e72", "parser_version": "parser-v0.1.0", "type": "pdf", "probe": "magic", "sha256": "83e5f0b56b672e72e65533340c291ef682373b8407687a46bdc2402bb06b57bf", "expected_pages": 8, "actual_pages": 8, "assembly_status": "ok", "elapsed_ms": 7897.1, "timings": {"detect_ms": 0.0, "route_ms": 914.0, "scan_ms": 3.0, "plan_ms": 2.2, "run_ms": 6868.4, "assemble_ms": 109.0, "total_ms": 7897.1}, "blocks": 105, "tables": 3, "images": 10, "pages": 8, "ocr": null, "route": "docling", "dom_key": "dom/d-83e5f0b56b672e72/dom-v0.1.0.docJSON", "raw_key": "raw/83e5f0b56b672e72e65533340c291ef682373b8407687a46bdc2402bb06b57bf.pdf"}
OK   PMC10133056.pdf              pdf        pages=8   blocks=105  tables=3   route=docling
      timings: detect_ms=0.0ms  route_ms=914.0ms  scan_ms=3.0ms  plan_ms=2.2ms  run_ms=6868.4ms  assemble_ms=109.0ms  total_ms=7897.1ms  total=7897.1ms
[event] {"event": "document.parsed.v1", "time": "1789324149.210", "document_id": "d-9371c65b21cc6df0", "parser_version": "parser-v0.1.0", "type": "pdf", "probe": "magic", "sha256": "9371c65b21cc6df0e89afd734f58bbbfa84e45e198ee01e7f4ee041ff8172a7a", "expected_pages": 32, "actual_pages": 32, "assembly_status": "ok", "elapsed_ms": 79289.6, "timings": {"detect_ms": 0.0, "route_ms": 1293.5, "scan_ms": 10.6, "plan_ms": 2.4, "run_ms": 77763.9, "assemble_ms": 216.8, "total_ms": 79289.6}, "blocks": 260, "tables": 16, "images": 5, "pages": 32, "ocr": null, "route": "docling", "dom_key": "dom/d-9371c65b21cc6df0/dom-v0.1.0.docJSON", "raw_key": "raw/9371c65b21cc6df0e89afd734f58bbbfa84e45e198ee01e7f4ee041ff8172a7a.pdf"}
OK   PMC10174557.pdf              pdf        pages=32  blocks=260  tables=16  route=docling
      timings: detect_ms=0.0ms  route_ms=1293.5ms  scan_ms=10.6ms  plan_ms=2.4ms  run_ms=77763.9ms  assemble_ms=216.8ms  total_ms=79289.6ms  total=79289.6ms
[event] {"event": "document.parsed.v1", "time": "1789324160.884", "document_id": "d-d59188a968a04c06", "parser_version": "parser-v0.1.0", "type": "pdf", "probe": "magic", "sha256": "d59188a968a04c06cad39a54c19338e6c74f673e2b0e573e8f6b6afcaf137824", "expected_pages": 17, "actual_pages": 17, "assembly_status": "ok", "elapsed_ms": 11669.9, "timings": {"detect_ms": 0.0, "route_ms": 904.1, "scan_ms": 5.7, "plan_ms": 3.1, "run_ms": 10547.0, "assemble_ms": 209.1, "total_ms": 11669.9}, "blocks": 322, "tables": 1, "images": 3, "pages": 17, "ocr": null, "route": "docling", "dom_key": "dom/d-d59188a968a04c06/dom-v0.1.0.docJSON", "raw_key": "raw/d59188a968a04c06cad39a54c19338e6c74f673e2b0e573e8f6b6afcaf137824.pdf"}
OK   PMC10288765.pdf              pdf        pages=17  blocks=322  tables=1   route=docling
      timings: detect_ms=0.0ms  route_ms=904.1ms  scan_ms=5.7ms  plan_ms=3.1ms  run_ms=10547.0ms  assemble_ms=209.1ms  total_ms=11669.9ms  total=11669.9ms
[event] {"event": "document.parsed.v1", "time": "1789324169.464", "document_id": "d-b9647024f7fdf337", "parser_version": "parser-v0.1.0", "type": "pdf", "probe": "magic", "sha256": "b9647024f7fdf3378cf0e5130b05bd731b97926b544acc7b5ee399f6b305a033", "expected_pages": 8, "actual_pages": 8, "assembly_status": "ok", "elapsed_ms": 8575.8, "timings": {"detect_ms": 0.0, "route_ms": 1029.2, "scan_ms": 3.7, "plan_ms": 2.2, "run_ms": 7486.7, "assemble_ms": 53.4, "total_ms": 8575.8}, "blocks": 124, "tables": 5, "images": 1, "pages": 8, "ocr": null, "route": "docling", "dom_key": "dom/d-b9647024f7fdf337/dom-v0.1.0.docJSON", "raw_key": "raw/b9647024f7fdf3378cf0e5130b05bd731b97926b544acc7b5ee399f6b305a033.pdf"}
OK   PMC10378196.pdf              pdf        pages=8   blocks=124  tables=5   route=docling
      timings: detect_ms=0.0ms  route_ms=1029.2ms  scan_ms=3.7ms  plan_ms=2.2ms  run_ms=7486.7ms  assemble_ms=53.4ms  total_ms=8575.8ms  total=8575.8ms
[33m[WARNING] 2026-09-13 23:59:31,408 [RapidOCR] main.py:132: The text detection result is empty[0m
RapidOCR returned empty result!
[event] {"event": "document.parsed.v1", "time": "1789324197.367", "document_id": "d-23f78e50b18b5820", "parser_version": "parser-v0.1.0", "type": "pdf", "probe": "magic", "sha256": "23f78e50b18b58207a5be3cce72851516a3d4a53d7d16473bc33f3c611bf47d9", "expected_pages": 15, "actual_pages": 15, "assembly_status": "ok", "elapsed_ms": 27898.1, "timings": {"detect_ms": 0.0, "route_ms": 946.7, "scan_ms": 6.5, "plan_ms": 1.9, "run_ms": 26787.8, "assemble_ms": 153.8, "total_ms": 27898.1}, "blocks": 167, "tables": 3, "images": 7, "pages": 15, "ocr": null, "route": "docling", "dom_key": "dom/d-23f78e50b18b5820/dom-v0.1.0.docJSON", "raw_key": "raw/23f78e50b18b58207a5be3cce72851516a3d4a53d7d16473bc33f3c611bf47d9.pdf"}
OK   PMC10513332.pdf              pdf        pages=15  blocks=167  tables=3   route=docling
      timings: detect_ms=0.0ms  route_ms=946.7ms  scan_ms=6.5ms  plan_ms=1.9ms  run_ms=26787.8ms  assemble_ms=153.8ms  total_ms=27898.1ms  total=27898.1ms
[event] {"event": "document.parsed.v1", "time": "1789324217.838", "document_id": "d-5ef5da2d434bd2c6", "parser_version": "parser-v0.1.0", "type": "pdf", "probe": "magic", "sha256": "5ef5da2d434bd2c6f3e99a97a4f707c73c0985ee82919334974bdfa87cdbd978", "expected_pages": 22, "actual_pages": 22, "assembly_status": "ok", "elapsed_ms": 20468.5, "timings": {"detect_ms": 0.0, "route_ms": 889.7, "scan_ms": 11.4, "plan_ms": 4.1, "run_ms": 19195.9, "assemble_ms": 366.6, "total_ms": 20468.5}, "blocks": 312, "tables": 6, "images": 21, "pages": 22, "ocr": null, "route": "docling", "dom_key": "dom/d-5ef5da2d434bd2c6/dom-v0.1.0.docJSON", "raw_key": "raw/5ef5da2d434bd2c6f3e99a97a4f707c73c0985ee82919334974bdfa87cdbd978.pdf"}
OK   PMC10514117.pdf              pdf        pages=22  blocks=312  tables=6   route=docling
      timings: detect_ms=0.0ms  route_ms=889.7ms  scan_ms=11.4ms  plan_ms=4.1ms  run_ms=19195.9ms  assemble_ms=366.6ms  total_ms=20468.5ms  total=20468.5ms
[event] {"event": "document.parsed.v1", "time": "1789324238.248", "document_id": "d-8b19694041452d8d", "parser_version": "parser-v0.1.0", "type": "pdf", "probe": "magic", "sha256": "8b19694041452d8d3abcbf974230925a89e825ea742cbffbb0e330762d7b2bc8", "expected_pages": 13, "actual_pages": 13, "assembly_status": "ok", "elapsed_ms": 20405.4, "timings": {"detect_ms": 0.0, "route_ms": 1123.1, "scan_ms": 14.1, "plan_ms": 2.6, "run_ms": 19087.8, "assemble_ms": 177.2, "total_ms": 20405.4}, "blocks": 229, "tables": 6, "images": 2, "pages": 13, "ocr": null, "route": "docling", "dom_key": "dom/d-8b19694041452d8d/dom-v0.1.0.docJSON", "raw_key": "raw/8b19694041452d8d3abcbf974230925a89e825ea742cbffbb0e330762d7b2bc8.pdf"}
OK   PMC10597714.pdf              pdf        pages=13  blocks=229  tables=6   route=docling
      timings: detect_ms=0.0ms  route_ms=1123.1ms  scan_ms=14.1ms  plan_ms=2.6ms  run_ms=19087.8ms  assemble_ms=177.2ms  total_ms=20405.4ms  total=20405.4ms
[event] {"event": "document.parsed.v1", "time": "1789324265.737", "document_id": "d-c87334e84fd1634b", "parser_version": "parser-v0.1.0", "type": "pdf", "probe": "magic", "sha256": "c87334e84fd1634b1276fffc079e54b561d62230cbf8d79c456281349251b0d1", "expected_pages": 28, "actual_pages": 28, "assembly_status": "ok", "elapsed_ms": 27485.6, "timings": {"detect_ms": 0.0, "route_ms": 897.0, "scan_ms": 9.4, "plan_ms": 16.3, "run_ms": 26375.7, "assemble_ms": 185.6, "total_ms": 27485.6}, "blocks": 230, "tables": 10, "images": 4, "pages": 28, "ocr": null, "route": "docling", "dom_key": "dom/d-c87334e84fd1634b/dom-v0.1.0.docJSON", "raw_key": "raw/c87334e84fd1634b1276fffc079e54b561d62230cbf8d79c456281349251b0d1.pdf"}
OK   PMC10653537.pdf              pdf        pages=28  blocks=230  tables=10  route=docling
      timings: detect_ms=0.0ms  route_ms=897.0ms  scan_ms=9.4ms  plan_ms=16.3ms  run_ms=26375.7ms  assemble_ms=185.6ms  total_ms=27485.6ms  total=27485.6ms
[event] {"event": "document.parsed.v1", "time": "1789324300.618", "document_id": "d-1dd4ba22698803ad", "parser_version": "parser-v0.1.0", "type": "pdf", "probe": "magic", "sha256": "1dd4ba22698803adbe8ca63b26c9f0484762a74113c384e689629d3a2762b0ce", "expected_pages": 19, "actual_pages": 19, "assembly_status": "ok", "elapsed_ms": 34874.1, "timings": {"detect_ms": 0.0, "route_ms": 889.3, "scan_ms": 21.2, "plan_ms": 2.1, "run_ms": 33737.5, "assemble_ms": 222.2, "total_ms": 34874.1}, "blocks": 225, "tables": 6, "images": 10, "pages": 19, "ocr": null, "route": "docling", "dom_key": "dom/d-1dd4ba22698803ad/dom-v0.1.0.docJSON", "raw_key": "raw/1dd4ba22698803adbe8ca63b26c9f0484762a74113c384e689629d3a2762b0ce.pdf"}
OK   PMC10686459.pdf              pdf        pages=19  blocks=225  tables=6   route=docling
      timings: detect_ms=0.0ms  route_ms=889.3ms  scan_ms=21.2ms  plan_ms=2.1ms  run_ms=33737.5ms  assemble_ms=222.2ms  total_ms=34874.1ms  total=34874.1ms
[event] {"event": "document.parsed.v1", "time": "1789324327.220", "document_id": "d-67b67904506a49ef", "parser_version": "parser-v0.1.0", "type": "pdf", "probe": "magic", "sha256": "67b67904506a49ef4603ce8c651daf509cd7b0ace266e288a1dc36e2931952d5", "expected_pages": 21, "actual_pages": 21, "assembly_status": "ok", "elapsed_ms": 26596.8, "timings": {"detect_ms": 0.0, "route_ms": 895.1, "scan_ms": 7.3, "plan_ms": 2.1, "run_ms": 25486.9, "assemble_ms": 204.5, "total_ms": 26596.8}, "blocks": 202, "tables": 6, "images": 8, "pages": 21, "ocr": null, "route": "docling", "dom_key": "dom/d-67b67904506a49ef/dom-v0.1.0.docJSON", "raw_key": "raw/67b67904506a49ef4603ce8c651daf509cd7b0ace266e288a1dc36e2931952d5.pdf"}
OK   PMC10688732.pdf              pdf        pages=21  blocks=202  tables=6   route=docling
      timings: detect_ms=0.0ms  route_ms=895.1ms  scan_ms=7.3ms  plan_ms=2.1ms  run_ms=25486.9ms  assemble_ms=204.5ms  total_ms=26596.8ms  total=26596.8ms
[33m[WARNING] 2026-09-14 00:02:08,932 [RapidOCR] main.py:132: The text detection result is empty[0m
RapidOCR returned empty result!
[event] {"event": "document.parsed.v1", "time": "1789324354.064", "document_id": "d-edc8eac20e182fb0", "parser_version": "parser-v0.1.0", "type": "pdf", "probe": "magic", "sha256": "edc8eac20e182fb04699114346b4d78d651f8eb784a434b5bd332223decf6cb0", "expected_pages": 14, "actual_pages": 14, "assembly_status": "ok", "elapsed_ms": 26838.4, "timings": {"detect_ms": 0.0, "route_ms": 866.2, "scan_ms": 18.6, "plan_ms": 2.4, "run_ms": 25787.3, "assemble_ms": 162.3, "total_ms": 26838.4}, "blocks": 122, "tables": 2, "images": 10, "pages": 14, "ocr": null, "route": "docling", "dom_key": "dom/d-edc8eac20e182fb0/dom-v0.1.0.docJSON", "raw_key": "raw/edc8eac20e182fb04699114346b4d78d651f8eb784a434b5bd332223decf6cb0.pdf"}
OK   PMC10699593.pdf              pdf        pages=14  blocks=122  tables=2   route=docling
      timings: detect_ms=0.0ms  route_ms=866.2ms  scan_ms=18.6ms  plan_ms=2.4ms  run_ms=25787.3ms  assemble_ms=162.3ms  total_ms=26838.4ms  total=26838.4ms
[event] {"event": "document.parsed.v1", "time": "1789324369.350", "document_id": "d-1c58074f4097e1e0", "parser_version": "parser-v0.1.0", "type": "pdf", "probe": "magic", "sha256": "1c58074f4097e1e0ff11bdd7491417b7dc108482bad689787b52497a296ffeca", "expected_pages": 12, "actual_pages": 12, "assembly_status": "ok", "elapsed_ms": 15281.9, "timings": {"detect_ms": 0.0, "route_ms": 920.6, "scan_ms": 5.5, "plan_ms": 2.5, "run_ms": 14211.1, "assemble_ms": 141.5, "total_ms": 15281.9}, "blocks": 166, "tables": 1, "images": 6, "pages": 12, "ocr": null, "route": "docling", "dom_key": "dom/d-1c58074f4097e1e0/dom-v0.1.0.docJSON", "raw_key": "raw/1c58074f4097e1e0ff11bdd7491417b7dc108482bad689787b52497a296ffeca.pdf"}
OK   PMC10703285.pdf              pdf        pages=12  blocks=166  tables=1   route=docling
      timings: detect_ms=0.0ms  route_ms=920.6ms  scan_ms=5.5ms  plan_ms=2.5ms  run_ms=14211.1ms  assemble_ms=141.5ms  total_ms=15281.9ms  total=15281.9ms
[event] {"event": "document.parsed.v1", "time": "1789324383.444", "document_id": "d-39692571cc13c50e", "parser_version": "parser-v0.1.0", "type": "pdf", "probe": "magic", "sha256": "39692571cc13c50e0bd7d4735894a0807fcd8f8ff8df5b2b62c7e6f324e00cb7", "expected_pages": 13, "actual_pages": 13, "assembly_status": "ok", "elapsed_ms": 14090.9, "timings": {"detect_ms": 0.0, "route_ms": 816.0, "scan_ms": 4.6, "plan_ms": 2.1, "run_ms": 13104.5, "assemble_ms": 163.1, "total_ms": 14090.9}, "blocks": 135, "tables": 2, "images": 4, "pages": 13, "ocr": null, "route": "docling", "dom_key": "dom/d-39692571cc13c50e/dom-v0.1.0.docJSON", "raw_key": "raw/39692571cc13c50e0bd7d4735894a0807fcd8f8ff8df5b2b62c7e6f324e00cb7.pdf"}
OK   PMC10757532.pdf              pdf        pages=13  blocks=135  tables=2   route=docling
      timings: detect_ms=0.0ms  route_ms=816.0ms  scan_ms=4.6ms  plan_ms=2.1ms  run_ms=13104.5ms  assemble_ms=163.1ms  total_ms=14090.9ms  total=14090.9ms
[33m[WARNING] 2026-09-14 00:03:05,160 [RapidOCR] main.py:132: The text detection result is empty[0m
RapidOCR returned empty result!
[event] {"event": "document.parsed.v1", "time": "1789324400.799", "document_id": "d-f22810db0cd0c31e", "parser_version": "parser-v0.1.0", "type": "pdf", "probe": "magic", "sha256": "f22810db0cd0c31e09f127e3a6c686ecbfb4163b5f4769e634bb94c4e48543fa", "expected_pages": 11, "actual_pages": 11, "assembly_status": "ok", "elapsed_ms": 17349.1, "timings": {"detect_ms": 0.0, "route_ms": 837.0, "scan_ms": 17.6, "plan_ms": 2.6, "run_ms": 16357.2, "assemble_ms": 133.4, "total_ms": 17349.1}, "blocks": 132, "tables": 2, "images": 5, "pages": 11, "ocr": null, "route": "docling", "dom_key": "dom/d-f22810db0cd0c31e/dom-v0.1.0.docJSON", "raw_key": "raw/f22810db0cd0c31e09f127e3a6c686ecbfb4163b5f4769e634bb94c4e48543fa.pdf"}
OK   PMC10852259.pdf              pdf        pages=11  blocks=132  tables=2   route=docling
      timings: detect_ms=0.0ms  route_ms=837.0ms  scan_ms=17.6ms  plan_ms=2.6ms  run_ms=16357.2ms  assemble_ms=133.4ms  total_ms=17349.1ms  total=17349.1ms
[event] {"event": "document.parsed.v1", "time": "1789324421.545", "document_id": "d-97a97bbfd8c7943c", "parser_version": "parser-v0.1.0", "type": "pdf", "probe": "magic", "sha256": "97a97bbfd8c7943cfc8d7d0642ac4ead7b2c9548e7ed2d64d329bfd47525facd", "expected_pages": 20, "actual_pages": 20, "assembly_status": "ok", "elapsed_ms": 20742.7, "timings": {"detect_ms": 0.0, "route_ms": 1145.1, "scan_ms": 6.4, "plan_ms": 2.0, "run_ms": 19388.6, "assemble_ms": 200.2, "total_ms": 20742.7}, "blocks": 318, "tables": 9, "images": 2, "pages": 20, "ocr": null, "route": "docling", "dom_key": "dom/d-97a97bbfd8c7943c/dom-v0.1.0.docJSON", "raw_key": "raw/97a97bbfd8c7943cfc8d7d0642ac4ead7b2c9548e7ed2d64d329bfd47525facd.pdf"}
OK   PMC10867419.pdf              pdf        pages=20  blocks=318  tables=9   route=docling
      timings: detect_ms=0.0ms  route_ms=1145.1ms  scan_ms=6.4ms  plan_ms=2.0ms  run_ms=19388.6ms  assemble_ms=200.2ms  total_ms=20742.7ms  total=20742.7ms
[event] {"event": "document.parsed.v1", "time": "1789324433.047", "document_id": "d-42ace94c476add41", "parser_version": "parser-v0.1.0", "type": "pdf", "probe": "magic", "sha256": "42ace94c476add41d4aaef0ec879638f04632bb5157e3101c41b7336ee1b680d", "expected_pages": 12, "actual_pages": 12, "assembly_status": "ok", "elapsed_ms": 11499.5, "timings": {"detect_ms": 0.0, "route_ms": 982.0, "scan_ms": 17.0, "plan_ms": 1.9, "run_ms": 10288.4, "assemble_ms": 209.8, "total_ms": 11499.5}, "blocks": 195, "tables": 4, "images": 11, "pages": 12, "ocr": null, "route": "docling", "dom_key": "dom/d-42ace94c476add41/dom-v0.1.0.docJSON", "raw_key": "raw/42ace94c476add41d4aaef0ec879638f04632bb5157e3101c41b7336ee1b680d.pdf"}
OK   PMC10901660.pdf              pdf        pages=12  blocks=195  tables=4   route=docling
      timings: detect_ms=0.0ms  route_ms=982.0ms  scan_ms=17.0ms  plan_ms=1.9ms  run_ms=10288.4ms  assemble_ms=209.8ms  total_ms=11499.5ms  total=11499.5ms
[event] {"event": "document.parsed.v1", "time": "1789324444.991", "document_id": "d-1f87d163a952ab7b", "parser_version": "parser-v0.1.0", "type": "pdf", "probe": "magic", "sha256": "1f87d163a952ab7b8e9701addc24afe9be29580fc1f5d4194411f3a437ddf432", "expected_pages": 15, "actual_pages": 15, "assembly_status": "ok", "elapsed_ms": 11940.9, "timings": {"detect_ms": 0.0, "route_ms": 742.7, "scan_ms": 5.3, "plan_ms": 2.0, "run_ms": 11046.6, "assemble_ms": 143.7, "total_ms": 11940.9}, "blocks": 175, "tables": 4, "images": 5, "pages": 15, "ocr": null, "route": "docling", "dom_key": "dom/d-1f87d163a952ab7b/dom-v0.1.0.docJSON", "raw_key": "raw/1f87d163a952ab7b8e9701addc24afe9be29580fc1f5d4194411f3a437ddf432.pdf"}
OK   PMC10956831.pdf              pdf        pages=15  blocks=175  tables=4   route=docling
      timings: detect_ms=0.0ms  route_ms=742.7ms  scan_ms=5.3ms  plan_ms=2.0ms  run_ms=11046.6ms  assemble_ms=143.7ms  total_ms=11940.9ms  total=11940.9ms
RapidOCR returned empty result!
[33m[WARNING] 2026-09-14 00:04:08,333 [RapidOCR] main.py:132: The text detection result is empty[0m
RapidOCR returned empty result!
RapidOCR returned empty result!
RapidOCR returned empty result!
[event] {"event": "document.parsed.v1", "time": "1789324458.007", "document_id": "d-1514c1c1f8a299c8", "parser_version": "parser-v0.1.0", "type": "pdf", "probe": "magic", "sha256": "1514c1c1f8a299c8943903f2807c5de0a50b9eaf015c4161fe9a863b6f230241", "expected_pages": 13, "actual_pages": 13, "assembly_status": "ok", "elapsed_ms": 13013.1, "timings": {"detect_ms": 0.0, "route_ms": 1146.2, "scan_ms": 3.7, "plan_ms": 2.4, "run_ms": 11684.0, "assemble_ms": 176.3, "total_ms": 13013.1}, "blocks": 158, "tables": 3, "images": 4, "pages": 13, "ocr": null, "route": "docling", "dom_key": "dom/d-1514c1c1f8a299c8/dom-v0.1.0.docJSON", "raw_key": "raw/1514c1c1f8a299c8943903f2807c5de0a50b9eaf015c4161fe9a863b6f230241.pdf"}
OK   PMC10987303.pdf              pdf        pages=13  blocks=158  tables=3   route=docling
      timings: detect_ms=0.0ms  route_ms=1146.2ms  scan_ms=3.7ms  plan_ms=2.4ms  run_ms=11684.0ms  assemble_ms=176.3ms  total_ms=13013.1ms  total=13013.1ms
[33m[WARNING] 2026-09-14 00:04:20,724 [RapidOCR] main.py:132: The text detection result is empty[0m
RapidOCR returned empty result!
[event] {"event": "document.parsed.v1", "time": "1789324484.579", "document_id": "d-c882092ab8c4a780", "parser_version": "parser-v0.1.0", "type": "pdf", "probe": "magic", "sha256": "c882092ab8c4a780efbf296da3eba164a2d4e6ba6f1bb854ce67338997d4576a", "expected_pages": 22, "actual_pages": 22, "assembly_status": "ok", "elapsed_ms": 26564.5, "timings": {"detect_ms": 0.0, "route_ms": 1758.4, "scan_ms": 9.4, "plan_ms": 1.9, "run_ms": 24518.0, "assemble_ms": 274.2, "total_ms": 26564.5}, "blocks": 265, "tables": 3, "images": 11, "pages": 22, "ocr": null, "route": "docling", "dom_key": "dom/d-c882092ab8c4a780/dom-v0.1.0.docJSON", "raw_key": "raw/c882092ab8c4a780efbf296da3eba164a2d4e6ba6f1bb854ce67338997d4576a.pdf"}
OK   PMC11020767.pdf              pdf        pages=22  blocks=265  tables=3   route=docling
      timings: detect_ms=0.0ms  route_ms=1758.4ms  scan_ms=9.4ms  plan_ms=1.9ms  run_ms=24518.0ms  assemble_ms=274.2ms  total_ms=26564.5ms  total=26564.5ms
[event] {"event": "document.parsed.v1", "time": "1789324497.980", "document_id": "d-298032cf9e06bd6c", "parser_version": "parser-v0.1.0", "type": "pdf", "probe": "magic", "sha256": "298032cf9e06bd6cd5f0f4c87acce8b49196b02abf775638ef398e16f5ea9813", "expected_pages": 20, "actual_pages": 20, "assembly_status": "ok", "elapsed_ms": 13397.0, "timings": {"detect_ms": 0.0, "route_ms": 1074.0, "scan_ms": 6.1, "plan_ms": 2.2, "run_ms": 12163.0, "assemble_ms": 151.0, "total_ms": 13397.0}, "blocks": 224, "tables": 1, "images": 4, "pages": 20, "ocr": null, "route": "docling", "dom_key": "dom/d-298032cf9e06bd6c/dom-v0.1.0.docJSON", "raw_key": "raw/298032cf9e06bd6cd5f0f4c87acce8b49196b02abf775638ef398e16f5ea9813.pdf"}
OK   PMC11095673.pdf              pdf        pages=20  blocks=224  tables=1   route=docling
      timings: detect_ms=0.0ms  route_ms=1074.0ms  scan_ms=6.1ms  plan_ms=2.2ms  run_ms=12163.0ms  assemble_ms=151.0ms  total_ms=13397.0ms  total=13397.0ms
[event] {"event": "document.parsed.v1", "time": "1789324528.911", "document_id": "d-fab36645acf06b7a", "parser_version": "parser-v0.1.0", "type": "pdf", "probe": "magic", "sha256": "fab36645acf06b7a46fe0c8a5746d5b0f0d2a6de3440137bff06aed99e7c87ca", "expected_pages": 26, "actual_pages": 26, "assembly_status": "ok", "elapsed_ms": 30921.0, "timings": {"detect_ms": 0.0, "route_ms": 3417.6, "scan_ms": 6.0, "plan_ms": 2.4, "run_ms": 26825.3, "assemble_ms": 666.6, "total_ms": 30921.0}, "blocks": 595, "tables": 3, "images": 14, "pages": 26, "ocr": null, "route": "docling", "dom_key": "dom/d-fab36645acf06b7a/dom-v0.1.0.docJSON", "raw_key": "raw/fab36645acf06b7a46fe0c8a5746d5b0f0d2a6de3440137bff06aed99e7c87ca.pdf"}
OK   PMC11232813.pdf              pdf        pages=26  blocks=595  tables=3   route=docling
      timings: detect_ms=0.0ms  route_ms=3417.6ms  scan_ms=6.0ms  plan_ms=2.4ms  run_ms=26825.3ms  assemble_ms=666.6ms  total_ms=30921.0ms  total=30921.0ms
[event] {"event": "document.parsed.v1", "time": "1789324545.765", "document_id": "d-7913054c431da75e", "parser_version": "parser-v0.1.0", "type": "pdf", "probe": "magic", "sha256": "7913054c431da75e28161bec0d57269b960c1285f2548dde40db7d03d730be77", "expected_pages": 18, "actual_pages": 18, "assembly_status": "ok", "elapsed_ms": 16851.0, "timings": {"detect_ms": 0.0, "route_ms": 995.5, "scan_ms": 17.9, "plan_ms": 2.3, "run_ms": 15644.3, "assemble_ms": 190.6, "total_ms": 16851.0}, "blocks": 376, "tables": 7, "images": 2, "pages": 18, "ocr": null, "route": "docling", "dom_key": "dom/d-7913054c431da75e/dom-v0.1.0.docJSON", "raw_key": "raw/7913054c431da75e28161bec0d57269b960c1285f2548dde40db7d03d730be77.pdf"}
OK   PMC11261170.pdf              pdf        pages=18  blocks=376  tables=7   route=docling
      timings: detect_ms=0.0ms  route_ms=995.5ms  scan_ms=17.9ms  plan_ms=2.3ms  run_ms=15644.3ms  assemble_ms=190.6ms  total_ms=16851.0ms  total=16851.0ms
[event] {"event": "document.parsed.v1", "time": "1789324563.003", "document_id": "d-6f3ab1e0904f32cd", "parser_version": "parser-v0.1.0", "type": "pdf", "probe": "magic", "sha256": "6f3ab1e0904f32cdaebf703ab36a5536a9deec049665f7cb3373e900e4aeb1c3", "expected_pages": 22, "actual_pages": 22, "assembly_status": "ok", "elapsed_ms": 17233.9, "timings": {"detect_ms": 0.0, "route_ms": 1049.6, "scan_ms": 5.1, "plan_ms": 2.3, "run_ms": 15933.6, "assemble_ms": 241.9, "total_ms": 17233.9}, "blocks": 377, "tables": 5, "images": 1, "pages": 22, "ocr": null, "route": "docling", "dom_key": "dom/d-6f3ab1e0904f32cd/dom-v0.1.0.docJSON", "raw_key": "raw/6f3ab1e0904f32cdaebf703ab36a5536a9deec049665f7cb3373e900e4aeb1c3.pdf"}
OK   PMC11261187.pdf              pdf        pages=22  blocks=377  tables=5   route=docling
      timings: detect_ms=0.0ms  route_ms=1049.6ms  scan_ms=5.1ms  plan_ms=2.3ms  run_ms=15933.6ms  assemble_ms=241.9ms  total_ms=17233.9ms  total=17233.9ms
[event] {"event": "document.parsed.v1", "time": "1789324581.340", "document_id": "d-85b0215a5a07d02e", "parser_version": "parser-v0.1.0", "type": "pdf", "probe": "magic", "sha256": "85b0215a5a07d02e22f03497af796104b27d9ca8b605b637a940876be7b9e22c", "expected_pages": 10, "actual_pages": 10, "assembly_status": "ok", "elapsed_ms": 18330.1, "timings": {"detect_ms": 0.0, "route_ms": 1329.5, "scan_ms": 4.5, "plan_ms": 1.9, "run_ms": 16839.3, "assemble_ms": 152.2, "total_ms": 18330.1}, "blocks": 131, "tables": 4, "images": 9, "pages": 10, "ocr": null, "route": "docling", "dom_key": "dom/d-85b0215a5a07d02e/dom-v0.1.0.docJSON", "raw_key": "raw/85b0215a5a07d02e22f03497af796104b27d9ca8b605b637a940876be7b9e22c.pdf"}
OK   PMC11288196.pdf              pdf        pages=10  blocks=131  tables=4   route=docling
      timings: detect_ms=0.0ms  route_ms=1329.5ms  scan_ms=4.5ms  plan_ms=1.9ms  run_ms=16839.3ms  assemble_ms=152.2ms  total_ms=18330.1ms  total=18330.1ms
[event] {"event": "document.parsed.v1", "time": "1789324628.080", "document_id": "d-d19bd7d1356883a3", "parser_version": "parser-v0.1.0", "type": "pdf", "probe": "magic", "sha256": "d19bd7d1356883a3908f5ed9173663e814d385ded693daf816f97e5e9b21a6f4", "expected_pages": 17, "actual_pages": 17, "assembly_status": "ok", "elapsed_ms": 46732.7, "timings": {"detect_ms": 0.0, "route_ms": 1071.4, "scan_ms": 6.7, "plan_ms": 1.9, "run_ms": 45486.2, "assemble_ms": 164.8, "total_ms": 46732.7}, "blocks": 168, "tables": 9, "images": 8, "pages": 17, "ocr": null, "route": "docling", "dom_key": "dom/d-d19bd7d1356883a3/dom-v0.1.0.docJSON", "raw_key": "raw/d19bd7d1356883a3908f5ed9173663e814d385ded693daf816f97e5e9b21a6f4.pdf"}
OK   PMC11361434.pdf              pdf        pages=17  blocks=168  tables=9   route=docling
      timings: detect_ms=0.0ms  route_ms=1071.4ms  scan_ms=6.7ms  plan_ms=1.9ms  run_ms=45486.2ms  assemble_ms=164.8ms  total_ms=46732.7ms  total=46732.7ms
RapidOCR returned empty result!
RapidOCR returned empty result!
RapidOCR returned empty result!
[event] {"event": "document.parsed.v1", "time": "1789324637.499", "document_id": "d-5a23f71fb850a36b", "parser_version": "parser-v0.1.0", "type": "pdf", "probe": "magic", "sha256": "5a23f71fb850a36b23422addc4a7d4b6698d9398642d42a3066284e75f0cf63f", "expected_pages": 7, "actual_pages": 7, "assembly_status": "ok", "elapsed_ms": 9416.6, "timings": {"detect_ms": 0.0, "route_ms": 975.1, "scan_ms": 4.0, "plan_ms": 2.1, "run_ms": 8312.3, "assemble_ms": 122.7, "total_ms": 9416.6}, "blocks": 152, "tables": 4, "images": 7, "pages": 7, "ocr": null, "route": "docling", "dom_key": "dom/d-5a23f71fb850a36b/dom-v0.1.0.docJSON", "raw_key": "raw/5a23f71fb850a36b23422addc4a7d4b6698d9398642d42a3066284e75f0cf63f.pdf"}
OK   PMC11499752.pdf              pdf        pages=7   blocks=152  tables=4   route=docling
      timings: detect_ms=0.0ms  route_ms=975.1ms  scan_ms=4.0ms  plan_ms=2.1ms  run_ms=8312.3ms  assemble_ms=122.7ms  total_ms=9416.6ms  total=9416.6ms
RapidOCR returned empty result!
[event] {"event": "document.parsed.v1", "time": "1789324648.506", "document_id": "d-01a596facc0224f6", "parser_version": "parser-v0.1.0", "type": "pdf", "probe": "magic", "sha256": "01a596facc0224f68353020b3784d9b08e8335879d7a54c1dac8146869340502", "expected_pages": 8, "actual_pages": 8, "assembly_status": "ok", "elapsed_ms": 11000.0, "timings": {"detect_ms": 0.0, "route_ms": 1985.0, "scan_ms": 5.5, "plan_ms": 2.0, "run_ms": 8849.2, "assemble_ms": 155.8, "total_ms": 11000.0}, "blocks": 120, "tables": 5, "images": 6, "pages": 8, "ocr": null, "route": "docling", "dom_key": "dom/d-01a596facc0224f6/dom-v0.1.0.docJSON", "raw_key": "raw/01a596facc0224f68353020b3784d9b08e8335879d7a54c1dac8146869340502.pdf"}
OK   PMC11515105.pdf              pdf        pages=8   blocks=120  tables=5   route=docling
      timings: detect_ms=0.0ms  route_ms=1985.0ms  scan_ms=5.5ms  plan_ms=2.0ms  run_ms=8849.2ms  assemble_ms=155.8ms  total_ms=11000.0ms  total=11000.0ms
[33m[WARNING] 2026-09-14 00:07:30,259 [RapidOCR] main.py:132: The text detection result is empty[0m
RapidOCR returned empty result!
[event] {"event": "document.parsed.v1", "time": "1789324663.960", "document_id": "d-d6e2a50759132bd4", "parser_version": "parser-v0.1.0", "type": "pdf", "probe": "magic", "sha256": "d6e2a50759132bd459866e27bd0a013380bec2b378e673c5866ba7a955df7915", "expected_pages": 13, "actual_pages": 13, "assembly_status": "ok", "elapsed_ms": 15449.7, "timings": {"detect_ms": 0.0, "route_ms": 821.8, "scan_ms": 6.0, "plan_ms": 2.2, "run_ms": 14468.7, "assemble_ms": 149.1, "total_ms": 15449.7}, "blocks": 150, "tables": 1, "images": 8, "pages": 13, "ocr": null, "route": "docling", "dom_key": "dom/d-d6e2a50759132bd4/dom-v0.1.0.docJSON", "raw_key": "raw/d6e2a50759132bd459866e27bd0a013380bec2b378e673c5866ba7a955df7915.pdf"}
OK   PMC11515965.pdf              pdf        pages=13  blocks=150  tables=1   route=docling
      timings: detect_ms=0.0ms  route_ms=821.8ms  scan_ms=6.0ms  plan_ms=2.2ms  run_ms=14468.7ms  assemble_ms=149.1ms  total_ms=15449.7ms  total=15449.7ms
RapidOCR returned empty result!
[event] {"event": "document.parsed.v1", "time": "1789324706.830", "document_id": "d-4da941b12e3927af", "parser_version": "parser-v0.1.0", "type": "pdf", "probe": "magic", "sha256": "4da941b12e3927af7044a3e352f91757971f6d6a1f3c54498925fbf685758b1c", "expected_pages": 20, "actual_pages": 20, "assembly_status": "ok", "elapsed_ms": 42856.2, "timings": {"detect_ms": 0.0, "route_ms": 2634.6, "scan_ms": 31.4, "plan_ms": 1.9, "run_ms": 39800.3, "assemble_ms": 382.5, "total_ms": 42856.2}, "blocks": 212, "tables": 1, "images": 23, "pages": 20, "ocr": null, "route": "docling", "dom_key": "dom/d-4da941b12e3927af/dom-v0.1.0.docJSON", "raw_key": "raw/4da941b12e3927af7044a3e352f91757971f6d6a1f3c54498925fbf685758b1c.pdf"}
OK   PMC11541848.pdf              pdf        pages=20  blocks=212  tables=1   route=docling
      timings: detect_ms=0.0ms  route_ms=2634.6ms  scan_ms=31.4ms  plan_ms=1.9ms  run_ms=39800.3ms  assemble_ms=382.5ms  total_ms=42856.2ms  total=42856.2ms
RapidOCR returned empty result!
RapidOCR returned empty result!
[event] {"event": "document.parsed.v1", "time": "1789324721.108", "document_id": "d-739921e81240a08e", "parser_version": "parser-v0.1.0", "type": "pdf", "probe": "magic", "sha256": "739921e81240a08e522ea13fd8d64614b22e56e9558d432e8d9224f563c1b3a1", "expected_pages": 14, "actual_pages": 14, "assembly_status": "ok", "elapsed_ms": 14274.5, "timings": {"detect_ms": 0.0, "route_ms": 1036.3, "scan_ms": 18.8, "plan_ms": 1.9, "run_ms": 12926.6, "assemble_ms": 290.0, "total_ms": 14274.5}, "blocks": 309, "tables": 2, "images": 20, "pages": 14, "ocr": null, "route": "docling", "dom_key": "dom/d-739921e81240a08e/dom-v0.1.0.docJSON", "raw_key": "raw/739921e81240a08e522ea13fd8d64614b22e56e9558d432e8d9224f563c1b3a1.pdf"}
OK   PMC11585511.pdf              pdf        pages=14  blocks=309  tables=2   route=docling
      timings: detect_ms=0.0ms  route_ms=1036.3ms  scan_ms=18.8ms  plan_ms=1.9ms  run_ms=12926.6ms  assemble_ms=290.0ms  total_ms=14274.5ms  total=14274.5ms
[33m[WARNING] 2026-09-14 00:08:44,429 [RapidOCR] main.py:132: The text detection result is empty[0m
RapidOCR returned empty result!
[event] {"event": "document.parsed.v1", "time": "1789324727.157", "document_id": "d-368c0bc729af8a0c", "parser_version": "parser-v0.1.0", "type": "pdf", "probe": "magic", "sha256": "368c0bc729af8a0c16998893cab4b45bb63df2e6b10f729da721876642107198", "expected_pages": 5, "actual_pages": 5, "assembly_status": "ok", "elapsed_ms": 6043.7, "timings": {"detect_ms": 0.0, "route_ms": 436.8, "scan_ms": 3.2, "plan_ms": 1.8, "run_ms": 5502.4, "assemble_ms": 98.5, "total_ms": 6043.7}, "blocks": 53, "tables": 0, "images": 6, "pages": 5, "ocr": null, "route": "docling", "dom_key": "dom/d-368c0bc729af8a0c/dom-v0.1.0.docJSON", "raw_key": "raw/368c0bc729af8a0c16998893cab4b45bb63df2e6b10f729da721876642107198.pdf"}
OK   PMC11608882.pdf              pdf        pages=5   blocks=53   tables=0   route=docling
      timings: detect_ms=0.0ms  route_ms=436.8ms  scan_ms=3.2ms  plan_ms=1.8ms  run_ms=5502.4ms  assemble_ms=98.5ms  total_ms=6043.7ms  total=6043.7ms
[event] {"event": "document.parsed.v1", "time": "1789324728.775", "document_id": "d-6f62c6762ab63e0f", "parser_version": "parser-v0.1.0", "type": "pdf", "probe": "magic", "sha256": "6f62c6762ab63e0f91d495325420deb2fed853a3aeb947b61e821c1ca19dc59b", "expected_pages": 2, "actual_pages": 2, "assembly_status": "ok", "elapsed_ms": 1615.9, "timings": {"detect_ms": 0.0, "route_ms": 255.6, "scan_ms": 4.5, "plan_ms": 1.9, "run_ms": 1293.6, "assemble_ms": 59.9, "total_ms": 1615.9}, "blocks": 31, "tables": 0, "images": 2, "pages": 2, "ocr": null, "route": "docling", "dom_key": "dom/d-6f62c6762ab63e0f/dom-v0.1.0.docJSON", "raw_key": "raw/6f62c6762ab63e0f91d495325420deb2fed853a3aeb947b61e821c1ca19dc59b.pdf"}
OK   PMC11617738.pdf              pdf        pages=2   blocks=31   tables=0   route=docling
      timings: detect_ms=0.0ms  route_ms=255.6ms  scan_ms=4.5ms  plan_ms=1.9ms  run_ms=1293.6ms  assemble_ms=59.9ms  total_ms=1615.9ms  total=1615.9ms
[event] {"event": "document.parsed.v1", "time": "1789324748.180", "document_id": "d-0bd95abb17d2481d", "parser_version": "parser-v0.1.0", "type": "pdf", "probe": "magic", "sha256": "0bd95abb17d2481dffc3209458a6f7dbaf7929d0d0485430584f94838124b876", "expected_pages": 23, "actual_pages": 23, "assembly_status": "ok", "elapsed_ms": 19401.7, "timings": {"detect_ms": 0.0, "route_ms": 949.6, "scan_ms": 10.9, "plan_ms": 2.7, "run_ms": 18236.0, "assemble_ms": 200.2, "total_ms": 19401.7}, "blocks": 267, "tables": 4, "images": 7, "pages": 23, "ocr": null, "route": "docling", "dom_key": "dom/d-0bd95abb17d2481d/dom-v0.1.0.docJSON", "raw_key": "raw/0bd95abb17d2481dffc3209458a6f7dbaf7929d0d0485430584f94838124b876.pdf"}
OK   PMC11620663.pdf              pdf        pages=23  blocks=267  tables=4   route=docling
      timings: detect_ms=0.0ms  route_ms=949.6ms  scan_ms=10.9ms  plan_ms=2.7ms  run_ms=18236.0ms  assemble_ms=200.2ms  total_ms=19401.7ms  total=19401.7ms
[event] {"event": "document.parsed.v1", "time": "1789324759.289", "document_id": "d-a759f3969e4fd768", "parser_version": "parser-v0.1.0", "type": "pdf", "probe": "magic", "sha256": "a759f3969e4fd768acd8cd354ae88efa96e6b7b911ad74f129b8cfdffd075980", "expected_pages": 13, "actual_pages": 13, "assembly_status": "ok", "elapsed_ms": 11106.9, "timings": {"detect_ms": 0.0, "route_ms": 1262.3, "scan_ms": 6.7, "plan_ms": 3.3, "run_ms": 9670.5, "assemble_ms": 163.8, "total_ms": 11106.9}, "blocks": 258, "tables": 1, "images": 3, "pages": 13, "ocr": null, "route": "docling", "dom_key": "dom/d-a759f3969e4fd768/dom-v0.1.0.docJSON", "raw_key": "raw/a759f3969e4fd768acd8cd354ae88efa96e6b7b911ad74f129b8cfdffd075980.pdf"}
OK   PMC11652068.pdf              pdf        pages=13  blocks=258  tables=1   route=docling
      timings: detect_ms=0.0ms  route_ms=1262.3ms  scan_ms=6.7ms  plan_ms=3.3ms  run_ms=9670.5ms  assemble_ms=163.8ms  total_ms=11106.9ms  total=11106.9ms
[event] {"event": "document.parsed.v1", "time": "1789324770.410", "document_id": "d-74efee28920ba5d9", "parser_version": "parser-v0.1.0", "type": "pdf", "probe": "magic", "sha256": "74efee28920ba5d9200885c8ddaae998f26ecf248111e6f21844ef24896218c3", "expected_pages": 14, "actual_pages": 14, "assembly_status": "ok", "elapsed_ms": 11118.0, "timings": {"detect_ms": 0.0, "route_ms": 1168.8, "scan_ms": 4.7, "plan_ms": 2.0, "run_ms": 9769.7, "assemble_ms": 172.5, "total_ms": 11118.0}, "blocks": 276, "tables": 6, "images": 2, "pages": 14, "ocr": null, "route": "docling", "dom_key": "dom/d-74efee28920ba5d9/dom-v0.1.0.docJSON", "raw_key": "raw/74efee28920ba5d9200885c8ddaae998f26ecf248111e6f21844ef24896218c3.pdf"}
OK   PMC11660019.pdf              pdf        pages=14  blocks=276  tables=6   route=docling
      timings: detect_ms=0.0ms  route_ms=1168.8ms  scan_ms=4.7ms  plan_ms=2.0ms  run_ms=9769.7ms  assemble_ms=172.5ms  total_ms=11118.0ms  total=11118.0ms
[event] {"event": "document.parsed.v1", "time": "1789324786.347", "document_id": "d-c0a826592a1a6147", "parser_version": "parser-v0.1.0", "type": "pdf", "probe": "magic", "sha256": "c0a826592a1a61476ae9e7fda94e6ee9e5c85e1c8e3eeeaa927be27309a78e1c", "expected_pages": 13, "actual_pages": 13, "assembly_status": "ok", "elapsed_ms": 15930.1, "timings": {"detect_ms": 0.0, "route_ms": 1761.2, "scan_ms": 6.6, "plan_ms": 2.7, "run_ms": 13986.3, "assemble_ms": 172.2, "total_ms": 15930.1}, "blocks": 250, "tables": 10, "images": 19, "pages": 13, "ocr": null, "route": "docling", "dom_key": "dom/d-c0a826592a1a6147/dom-v0.1.0.docJSON", "raw_key": "raw/c0a826592a1a61476ae9e7fda94e6ee9e5c85e1c8e3eeeaa927be27309a78e1c.pdf"}
OK   PMC11660023.pdf              pdf        pages=13  blocks=250  tables=10  route=docling
      timings: detect_ms=0.0ms  route_ms=1761.2ms  scan_ms=6.6ms  plan_ms=2.7ms  run_ms=13986.3ms  assemble_ms=172.2ms  total_ms=15930.1ms  total=15930.1ms
[event] {"event": "document.parsed.v1", "time": "1789324832.394", "document_id": "d-30f8485ad02c9e0c", "parser_version": "parser-v0.1.0", "type": "pdf", "probe": "magic", "sha256": "30f8485ad02c9e0cf193ff67aeb4e5ab17c68b4d6a2c60d65f01c1c4c4473827", "expected_pages": 37, "actual_pages": 37, "assembly_status": "ok", "elapsed_ms": 46042.4, "timings": {"detect_ms": 0.0, "route_ms": 1170.1, "scan_ms": 10.2, "plan_ms": 2.0, "run_ms": 44204.5, "assemble_ms": 653.6, "total_ms": 46042.4}, "blocks": 650, "tables": 6, "images": 40, "pages": 37, "ocr": null, "route": "docling", "dom_key": "dom/d-30f8485ad02c9e0c/dom-v0.1.0.docJSON", "raw_key": "raw/30f8485ad02c9e0cf193ff67aeb4e5ab17c68b4d6a2c60d65f01c1c4c4473827.pdf"}
OK   PMC11666671.pdf              pdf        pages=37  blocks=650  tables=6   route=docling
      timings: detect_ms=0.0ms  route_ms=1170.1ms  scan_ms=10.2ms  plan_ms=2.0ms  run_ms=44204.5ms  assemble_ms=653.6ms  total_ms=46042.4ms  total=46042.4ms
[event] {"event": "document.parsed.v1", "time": "1789324840.997", "document_id": "d-70bfad37d37fcd45", "parser_version": "parser-v0.1.0", "type": "pdf", "probe": "magic", "sha256": "70bfad37d37fcd4562ddcad3a306f19deaecf062e96651ce746c2da7b7ef49fc", "expected_pages": 10, "actual_pages": 10, "assembly_status": "ok", "elapsed_ms": 8599.0, "timings": {"detect_ms": 0.0, "route_ms": 683.3, "scan_ms": 17.6, "plan_ms": 2.0, "run_ms": 7752.0, "assemble_ms": 143.6, "total_ms": 8599.0}, "blocks": 171, "tables": 6, "images": 6, "pages": 10, "ocr": null, "route": "docling", "dom_key": "dom/d-70bfad37d37fcd45/dom-v0.1.0.docJSON", "raw_key": "raw/70bfad37d37fcd4562ddcad3a306f19deaecf062e96651ce746c2da7b7ef49fc.pdf"}
OK   PMC11673308.pdf              pdf        pages=10  blocks=171  tables=6   route=docling
      timings: detect_ms=0.0ms  route_ms=683.3ms  scan_ms=17.6ms  plan_ms=2.0ms  run_ms=7752.0ms  assemble_ms=143.6ms  total_ms=8599.0ms  total=8599.0ms
[event] {"event": "document.parsed.v1", "time": "1789324842.661", "document_id": "d-80fae88f934664ae", "parser_version": "parser-v0.1.0", "type": "pdf", "probe": "magic", "sha256": "80fae88f934664ae59092e4c122e57ad06c9bec341826b4cafe112776ea2764b", "expected_pages": 1, "actual_pages": 1, "assembly_status": "ok", "elapsed_ms": 1661.8, "timings": {"detect_ms": 0.0, "route_ms": 80.4, "scan_ms": 2.5, "plan_ms": 2.7, "run_ms": 1552.2, "assemble_ms": 23.6, "total_ms": 1661.8}, "blocks": 32, "tables": 1, "images": 1, "pages": 1, "ocr": null, "route": "docling", "dom_key": "dom/d-80fae88f934664ae/dom-v0.1.0.docJSON", "raw_key": "raw/80fae88f934664ae59092e4c122e57ad06c9bec341826b4cafe112776ea2764b.pdf"}
OK   PMC11776547.pdf              pdf        pages=1   blocks=32   tables=1   route=docling
      timings: detect_ms=0.0ms  route_ms=80.4ms  scan_ms=2.5ms  plan_ms=2.7ms  run_ms=1552.2ms  assemble_ms=23.6ms  total_ms=1661.8ms  total=1661.8ms
[event] {"event": "document.parsed.v1", "time": "1789324854.810", "document_id": "d-0f08f54d3472a6ec", "parser_version": "parser-v0.1.0", "type": "pdf", "probe": "magic", "sha256": "0f08f54d3472a6ecfea930aef56fc31818df72b8bdefa4b9b21b9124cd2426de", "expected_pages": 9, "actual_pages": 9, "assembly_status": "ok", "elapsed_ms": 12146.6, "timings": {"detect_ms": 0.0, "route_ms": 1351.6, "scan_ms": 4.0, "plan_ms": 1.9, "run_ms": 10661.0, "assemble_ms": 127.3, "total_ms": 12146.6}, "blocks": 110, "tables": 4, "images": 3, "pages": 9, "ocr": null, "route": "docling", "dom_key": "dom/d-0f08f54d3472a6ec/dom-v0.1.0.docJSON", "raw_key": "raw/0f08f54d3472a6ecfea930aef56fc31818df72b8bdefa4b9b21b9124cd2426de.pdf"}
OK   PMC11782105.pdf              pdf        pages=9   blocks=110  tables=4   route=docling
      timings: detect_ms=0.0ms  route_ms=1351.6ms  scan_ms=4.0ms  plan_ms=1.9ms  run_ms=10661.0ms  assemble_ms=127.3ms  total_ms=12146.6ms  total=12146.6ms
[event] {"event": "document.parsed.v1", "time": "1789324869.657", "document_id": "d-8b4e877cc48dd199", "parser_version": "parser-v0.1.0", "type": "pdf", "probe": "magic", "sha256": "8b4e877cc48dd19977873e272e1205b7725048e5f63d9c14bc4a7cc8804c9798", "expected_pages": 8, "actual_pages": 8, "assembly_status": "ok", "elapsed_ms": 14842.9, "timings": {"detect_ms": 0.0, "route_ms": 2279.3, "scan_ms": 16.6, "plan_ms": 2.5, "run_ms": 12412.5, "assemble_ms": 129.3, "total_ms": 14842.9}, "blocks": 102, "tables": 2, "images": 7, "pages": 8, "ocr": null, "route": "docling", "dom_key": "dom/d-8b4e877cc48dd199/dom-v0.1.0.docJSON", "raw_key": "raw/8b4e877cc48dd19977873e272e1205b7725048e5f63d9c14bc4a7cc8804c9798.pdf"}
OK   PMC11782106.pdf              pdf        pages=8   blocks=102  tables=2   route=docling
      timings: detect_ms=0.0ms  route_ms=2279.3ms  scan_ms=16.6ms  plan_ms=2.5ms  run_ms=12412.5ms  assemble_ms=129.3ms  total_ms=14842.9ms  total=14842.9ms
[event] {"event": "document.parsed.v1", "time": "1789324894.434", "document_id": "d-c87436ac4ab29a2a", "parser_version": "parser-v0.1.0", "type": "pdf", "probe": "magic", "sha256": "c87436ac4ab29a2af7e2b77c8a22e1a423b54efa3509afcc4cd1c2163cf9dd52", "expected_pages": 13, "actual_pages": 13, "assembly_status": "ok", "elapsed_ms": 24768.9, "timings": {"detect_ms": 0.0, "route_ms": 2535.2, "scan_ms": 5.5, "plan_ms": 2.4, "run_ms": 22032.2, "assemble_ms": 191.6, "total_ms": 24768.9}, "blocks": 158, "tables": 4, "images": 6, "pages": 13, "ocr": null, "route": "docling", "dom_key": "dom/d-c87436ac4ab29a2a/dom-v0.1.0.docJSON", "raw_key": "raw/c87436ac4ab29a2af7e2b77c8a22e1a423b54efa3509afcc4cd1c2163cf9dd52.pdf"}
OK   PMC11791505.pdf              pdf        pages=13  blocks=158  tables=4   route=docling
      timings: detect_ms=0.0ms  route_ms=2535.2ms  scan_ms=5.5ms  plan_ms=2.4ms  run_ms=22032.2ms  assemble_ms=191.6ms  total_ms=24768.9ms  total=24768.9ms
[event] {"event": "document.parsed.v1", "time": "1789324934.760", "document_id": "d-dbf8d4a561ce180c", "parser_version": "parser-v0.1.0", "type": "pdf", "probe": "magic", "sha256": "dbf8d4a561ce180c45e4f6cfeed465b44114c769f8ee5a5d642959cf19533109", "expected_pages": 21, "actual_pages": 21, "assembly_status": "ok", "elapsed_ms": 40314.2, "timings": {"detect_ms": 0.0, "route_ms": 2536.9, "scan_ms": 25.5, "plan_ms": 2.1, "run_ms": 37323.3, "assemble_ms": 421.8, "total_ms": 40314.2}, "blocks": 322, "tables": 13, "images": 24, "pages": 21, "ocr": null, "route": "docling", "dom_key": "dom/d-dbf8d4a561ce180c/dom-v0.1.0.docJSON", "raw_key": "raw/dbf8d4a561ce180c45e4f6cfeed465b44114c769f8ee5a5d642959cf19533109.pdf"}
OK   PMC11832365.pdf              pdf        pages=21  blocks=322  tables=13  route=docling
      timings: detect_ms=0.0ms  route_ms=2536.9ms  scan_ms=25.5ms  plan_ms=2.1ms  run_ms=37323.3ms  assemble_ms=421.8ms  total_ms=40314.2ms  total=40314.2ms
[event] {"event": "document.parsed.v1", "time": "1789324940.956", "document_id": "d-b39cbd1ad00def3c", "parser_version": "parser-v0.1.0", "type": "pdf", "probe": "magic", "sha256": "b39cbd1ad00def3c4ccc566f442a962c787970af4c313ce5680808a7c2e353c8", "expected_pages": 5, "actual_pages": 5, "assembly_status": "ok", "elapsed_ms": 6194.2, "timings": {"detect_ms": 0.0, "route_ms": 870.3, "scan_ms": 2.6, "plan_ms": 2.0, "run_ms": 5242.9, "assemble_ms": 75.9, "total_ms": 6194.2}, "blocks": 105, "tables": 2, "images": 1, "pages": 5, "ocr": null, "route": "docling", "dom_key": "dom/d-b39cbd1ad00def3c/dom-v0.1.0.docJSON", "raw_key": "raw/b39cbd1ad00def3c4ccc566f442a962c787970af4c313ce5680808a7c2e353c8.pdf"}
OK   PMC11834136.pdf              pdf        pages=5   blocks=105  tables=2   route=docling
      timings: detect_ms=0.0ms  route_ms=870.3ms  scan_ms=2.6ms  plan_ms=2.0ms  run_ms=5242.9ms  assemble_ms=75.9ms  total_ms=6194.2ms  total=6194.2ms
RapidOCR returned empty result!
RapidOCR returned empty result!
RapidOCR returned empty result!
RapidOCR returned empty result!
RapidOCR returned empty result!
[event] {"event": "document.parsed.v1", "time": "1789324955.459", "document_id": "d-e3afd3357975edf6", "parser_version": "parser-v0.1.0", "type": "pdf", "probe": "magic", "sha256": "e3afd3357975edf6278eba1370bd8912d085be96cc2e33515db33c1a0fd5f667", "expected_pages": 12, "actual_pages": 12, "assembly_status": "ok", "elapsed_ms": 14499.9, "timings": {"detect_ms": 0.0, "route_ms": 1235.2, "scan_ms": 4.7, "plan_ms": 2.4, "run_ms": 13054.2, "assemble_ms": 202.6, "total_ms": 14499.9}, "blocks": 223, "tables": 2, "images": 5, "pages": 12, "ocr": null, "route": "docling", "dom_key": "dom/d-e3afd3357975edf6/dom-v0.1.0.docJSON", "raw_key": "raw/e3afd3357975edf6278eba1370bd8912d085be96cc2e33515db33c1a0fd5f667.pdf"}
OK   PMC11883620.pdf              pdf        pages=12  blocks=223  tables=2   route=docling
      timings: detect_ms=0.0ms  route_ms=1235.2ms  scan_ms=4.7ms  plan_ms=2.4ms  run_ms=13054.2ms  assemble_ms=202.6ms  total_ms=14499.9ms  total=14499.9ms
[event] {"event": "document.parsed.v1", "time": "1789324959.860", "document_id": "d-307f3b2d06306325", "parser_version": "parser-v0.1.0", "type": "pdf", "probe": "magic", "sha256": "307f3b2d0630632582f55e9ba886cc0ef19de0e8aebb7600358b77e7325e30ea", "expected_pages": 3, "actual_pages": 3, "assembly_status": "ok", "elapsed_ms": 4397.2, "timings": {"detect_ms": 0.0, "route_ms": 939.8, "scan_ms": 3.9, "plan_ms": 3.0, "run_ms": 3376.4, "assemble_ms": 73.1, "total_ms": 4397.2}, "blocks": 53, "tables": 0, "images": 2, "pages": 3, "ocr": null, "route": "docling", "dom_key": "dom/d-307f3b2d06306325/dom-v0.1.0.docJSON", "raw_key": "raw/307f3b2d0630632582f55e9ba886cc0ef19de0e8aebb7600358b77e7325e30ea.pdf"}
OK   PMC11884345.pdf              pdf        pages=3   blocks=53   tables=0   route=docling
      timings: detect_ms=0.0ms  route_ms=939.8ms  scan_ms=3.9ms  plan_ms=3.0ms  run_ms=3376.4ms  assemble_ms=73.1ms  total_ms=4397.2ms  total=4397.2ms
[event] {"event": "document.parsed.v1", "time": "1789324970.882", "document_id": "d-bcedabfb2de11bc2", "parser_version": "parser-v0.1.0", "type": "pdf", "probe": "magic", "sha256": "bcedabfb2de11bc267bdd703b501527c86978a8f0d9c09e3c5d0a2878c0c67f4", "expected_pages": 8, "actual_pages": 8, "assembly_status": "ok", "elapsed_ms": 11017.6, "timings": {"detect_ms": 0.0, "route_ms": 1057.5, "scan_ms": 19.5, "plan_ms": 1.8, "run_ms": 9814.4, "assemble_ms": 123.3, "total_ms": 11017.6}, "blocks": 166, "tables": 3, "images": 6, "pages": 8, "ocr": null, "route": "docling", "dom_key": "dom/d-bcedabfb2de11bc2/dom-v0.1.0.docJSON", "raw_key": "raw/bcedabfb2de11bc267bdd703b501527c86978a8f0d9c09e3c5d0a2878c0c67f4.pdf"}
OK   PMC11886468.pdf              pdf        pages=8   blocks=166  tables=3   route=docling
      timings: detect_ms=0.0ms  route_ms=1057.5ms  scan_ms=19.5ms  plan_ms=1.8ms  run_ms=9814.4ms  assemble_ms=123.3ms  total_ms=11017.6ms  total=11017.6ms
[event] {"event": "document.parsed.v1", "time": "1789324979.791", "document_id": "d-27d13475b3d53b42", "parser_version": "parser-v0.1.0", "type": "pdf", "probe": "magic", "sha256": "27d13475b3d53b42acf11670c576ecea4d9e1aeb078901af6a597b2a1a69b5a3", "expected_pages": 9, "actual_pages": 9, "assembly_status": "ok", "elapsed_ms": 8905.9, "timings": {"detect_ms": 0.0, "route_ms": 1054.6, "scan_ms": 2.8, "plan_ms": 17.2, "run_ms": 7763.4, "assemble_ms": 67.4, "total_ms": 8905.9}, "blocks": 197, "tables": 0, "images": 3, "pages": 9, "ocr": null, "route": "docling", "dom_key": "dom/d-27d13475b3d53b42/dom-v0.1.0.docJSON", "raw_key": "raw/27d13475b3d53b42acf11670c576ecea4d9e1aeb078901af6a597b2a1a69b5a3.pdf"}
OK   PMC11906242.pdf              pdf        pages=9   blocks=197  tables=0   route=docling
      timings: detect_ms=0.0ms  route_ms=1054.6ms  scan_ms=2.8ms  plan_ms=17.2ms  run_ms=7763.4ms  assemble_ms=67.4ms  total_ms=8905.9ms  total=8905.9ms
[33m[WARNING] 2026-09-14 00:13:02,565 [RapidOCR] main.py:132: The text detection result is empty[0m
RapidOCR returned empty result!
[event] {"event": "document.parsed.v1", "time": "1789325001.114", "document_id": "d-2c34ec4effb30ca1", "parser_version": "parser-v0.1.0", "type": "pdf", "probe": "magic", "sha256": "2c34ec4effb30ca19d063c6acaab3b5e2a9622cdc5938eccbb12b604f3b30507", "expected_pages": 17, "actual_pages": 17, "assembly_status": "ok", "elapsed_ms": 21319.8, "timings": {"detect_ms": 0.0, "route_ms": 1002.6, "scan_ms": 6.2, "plan_ms": 2.0, "run_ms": 20088.0, "assemble_ms": 219.5, "total_ms": 21319.8}, "blocks": 199, "tables": 6, "images": 15, "pages": 17, "ocr": null, "route": "docling", "dom_key": "dom/d-2c34ec4effb30ca1/dom-v0.1.0.docJSON", "raw_key": "raw/2c34ec4effb30ca19d063c6acaab3b5e2a9622cdc5938eccbb12b604f3b30507.pdf"}
OK   PMC11922230.pdf              pdf        pages=17  blocks=199  tables=6   route=docling
      timings: detect_ms=0.0ms  route_ms=1002.6ms  scan_ms=6.2ms  plan_ms=2.0ms  run_ms=20088.0ms  assemble_ms=219.5ms  total_ms=21319.8ms  total=21319.8ms
[event] {"event": "document.parsed.v1", "time": "1789325007.429", "document_id": "d-2a11fe797be1013c", "parser_version": "parser-v0.1.0", "type": "pdf", "probe": "magic", "sha256": "2a11fe797be1013c3a3545831b9b48093023a2f43c6d9d145e2e68ce39909013", "expected_pages": 5, "actual_pages": 5, "assembly_status": "ok", "elapsed_ms": 6311.3, "timings": {"detect_ms": 0.0, "route_ms": 756.2, "scan_ms": 17.3, "plan_ms": 2.3, "run_ms": 5488.0, "assemble_ms": 47.0, "total_ms": 6311.3}, "blocks": 70, "tables": 0, "images": 4, "pages": 5, "ocr": null, "route": "docling", "dom_key": "dom/d-2a11fe797be1013c/dom-v0.1.0.docJSON", "raw_key": "raw/2a11fe797be1013c3a3545831b9b48093023a2f43c6d9d145e2e68ce39909013.pdf"}
OK   PMC11930524.pdf              pdf        pages=5   blocks=70   tables=0   route=docling
      timings: detect_ms=0.0ms  route_ms=756.2ms  scan_ms=17.3ms  plan_ms=2.3ms  run_ms=5488.0ms  assemble_ms=47.0ms  total_ms=6311.3ms  total=6311.3ms
[event] {"event": "document.parsed.v1", "time": "1789325031.956", "document_id": "d-cfda44fe3b01ce96", "parser_version": "parser-v0.1.0", "type": "pdf", "probe": "magic", "sha256": "cfda44fe3b01ce9693137905d85f49b66d9963ccb44d36493282adc2817a097b", "expected_pages": 21, "actual_pages": 21, "assembly_status": "ok", "elapsed_ms": 24524.8, "timings": {"detect_ms": 0.0, "route_ms": 899.0, "scan_ms": 7.7, "plan_ms": 2.3, "run_ms": 23211.0, "assemble_ms": 404.2, "total_ms": 24524.8}, "blocks": 447, "tables": 4, "images": 22, "pages": 21, "ocr": null, "route": "docling", "dom_key": "dom/d-cfda44fe3b01ce96/dom-v0.1.0.docJSON", "raw_key": "raw/cfda44fe3b01ce9693137905d85f49b66d9963ccb44d36493282adc2817a097b.pdf"}
OK   PMC11946955.pdf              pdf        pages=21  blocks=447  tables=4   route=docling
      timings: detect_ms=0.0ms  route_ms=899.0ms  scan_ms=7.7ms  plan_ms=2.3ms  run_ms=23211.0ms  assemble_ms=404.2ms  total_ms=24524.8ms  total=24524.8ms
[event] {"event": "document.parsed.v1", "time": "1789325046.566", "document_id": "d-f1bf69c8103f692d", "parser_version": "parser-v0.1.0", "type": "pdf", "probe": "magic", "sha256": "f1bf69c8103f692dd3c3c0cc2e56df43d61bcc409a1640daa1e594e39e170386", "expected_pages": 14, "actual_pages": 14, "assembly_status": "ok", "elapsed_ms": 14604.1, "timings": {"detect_ms": 0.0, "route_ms": 1006.9, "scan_ms": 6.7, "plan_ms": 15.8, "run_ms": 13303.5, "assemble_ms": 270.2, "total_ms": 14604.1}, "blocks": 165, "tables": 3, "images": 21, "pages": 14, "ocr": null, "route": "docling", "dom_key": "dom/d-f1bf69c8103f692d/dom-v0.1.0.docJSON", "raw_key": "raw/f1bf69c8103f692dd3c3c0cc2e56df43d61bcc409a1640daa1e594e39e170386.pdf"}
OK   PMC11950097.pdf              pdf        pages=14  blocks=165  tables=3   route=docling
      timings: detect_ms=0.0ms  route_ms=1006.9ms  scan_ms=6.7ms  plan_ms=15.8ms  run_ms=13303.5ms  assemble_ms=270.2ms  total_ms=14604.1ms  total=14604.1ms
[event] {"event": "document.parsed.v1", "time": "1789325064.885", "document_id": "d-cc5af1292d5ef81d", "parser_version": "parser-v0.1.0", "type": "pdf", "probe": "magic", "sha256": "cc5af1292d5ef81d780b94aa650418766fb916cc23622444d0667ac0e9de430e", "expected_pages": 10, "actual_pages": 10, "assembly_status": "ok", "elapsed_ms": 18314.0, "timings": {"detect_ms": 0.0, "route_ms": 2597.4, "scan_ms": 3.6, "plan_ms": 2.6, "run_ms": 15554.2, "assemble_ms": 154.2, "total_ms": 18314.0}, "blocks": 120, "tables": 2, "images": 6, "pages": 10, "ocr": null, "route": "docling", "dom_key": "dom/d-cc5af1292d5ef81d/dom-v0.1.0.docJSON", "raw_key": "raw/cc5af1292d5ef81d780b94aa650418766fb916cc23622444d0667ac0e9de430e.pdf"}
OK   PMC11950879.pdf              pdf        pages=10  blocks=120  tables=2   route=docling
      timings: detect_ms=0.0ms  route_ms=2597.4ms  scan_ms=3.6ms  plan_ms=2.6ms  run_ms=15554.2ms  assemble_ms=154.2ms  total_ms=18314.0ms  total=18314.0ms
[33m[WARNING] 2026-09-14 00:14:26,747 [RapidOCR] main.py:132: The text detection result is empty[0m
RapidOCR returned empty result!
[event] {"event": "document.parsed.v1", "time": "1789325069.969", "document_id": "d-2235660c2369b630", "parser_version": "parser-v0.1.0", "type": "pdf", "probe": "magic", "sha256": "2235660c2369b6306d302ff4c4f2c7952d83045b95538297a06f25341f938943", "expected_pages": 6, "actual_pages": 6, "assembly_status": "ok", "elapsed_ms": 5081.0, "timings": {"detect_ms": 0.0, "route_ms": 771.0, "scan_ms": 3.1, "plan_ms": 2.0, "run_ms": 4216.3, "assemble_ms": 88.1, "total_ms": 5081.0}, "blocks": 130, "tables": 0, "images": 4, "pages": 6, "ocr": null, "route": "docling", "dom_key": "dom/d-2235660c2369b630/dom-v0.1.0.docJSON", "raw_key": "raw/2235660c2369b6306d302ff4c4f2c7952d83045b95538297a06f25341f938943.pdf"}
OK   PMC11955994.pdf              pdf        pages=6   blocks=130  tables=0   route=docling
      timings: detect_ms=0.0ms  route_ms=771.0ms  scan_ms=3.1ms  plan_ms=2.0ms  run_ms=4216.3ms  assemble_ms=88.1ms  total_ms=5081.0ms  total=5081.0ms
RapidOCR returned empty result!
RapidOCR returned empty result!
RapidOCR returned empty result!
[event] {"event": "document.parsed.v1", "time": "1789325105.076", "document_id": "d-a906f8da268b8127", "parser_version": "parser-v0.1.0", "type": "pdf", "probe": "magic", "sha256": "a906f8da268b8127bbdeac567c236153a5145637aa2e6cf352623382e8053051", "expected_pages": 11, "actual_pages": 11, "assembly_status": "ok", "elapsed_ms": 35099.0, "timings": {"detect_ms": 0.0, "route_ms": 2241.9, "scan_ms": 7.0, "plan_ms": 2.1, "run_ms": 32589.3, "assemble_ms": 255.6, "total_ms": 35099.0}, "blocks": 241, "tables": 5, "images": 12, "pages": 11, "ocr": null, "route": "docling", "dom_key": "dom/d-a906f8da268b8127/dom-v0.1.0.docJSON", "raw_key": "raw/a906f8da268b8127bbdeac567c236153a5145637aa2e6cf352623382e8053051.pdf"}
OK   PMC11956280.pdf              pdf        pages=11  blocks=241  tables=5   route=docling
      timings: detect_ms=0.0ms  route_ms=2241.9ms  scan_ms=7.0ms  plan_ms=2.1ms  run_ms=32589.3ms  assemble_ms=255.6ms  total_ms=35099.0ms  total=35099.0ms
[33m[WARNING] 2026-09-14 00:15:09,759 [RapidOCR] main.py:132: The text detection result is empty[0m
RapidOCR returned empty result!
[event] {"event": "document.parsed.v1", "time": "1789325113.192", "document_id": "d-237df778088d69ee", "parser_version": "parser-v0.1.0", "type": "pdf", "probe": "magic", "sha256": "237df778088d69eec2992fad05a631a9f2094c8ae73c34fa7af419ecab66e1d6", "expected_pages": 9, "actual_pages": 9, "assembly_status": "ok", "elapsed_ms": 8113.3, "timings": {"detect_ms": 0.0, "route_ms": 2424.7, "scan_ms": 17.6, "plan_ms": 2.2, "run_ms": 5549.4, "assemble_ms": 118.9, "total_ms": 8113.3}, "blocks": 166, "tables": 0, "images": 3, "pages": 9, "ocr": null, "route": "docling", "dom_key": "dom/d-237df778088d69ee/dom-v0.1.0.docJSON", "raw_key": "raw/237df778088d69eec2992fad05a631a9f2094c8ae73c34fa7af419ecab66e1d6.pdf"}
OK   PMC12012498.pdf              pdf        pages=9   blocks=166  tables=0   route=docling
      timings: detect_ms=0.0ms  route_ms=2424.7ms  scan_ms=17.6ms  plan_ms=2.2ms  run_ms=5549.4ms  assemble_ms=118.9ms  total_ms=8113.3ms  total=8113.3ms
[event] {"event": "document.parsed.v1", "time": "1789325119.092", "document_id": "d-4360c965c77ed108", "parser_version": "parser-v0.1.0", "type": "pdf", "probe": "magic", "sha256": "4360c965c77ed10833d4f406a75b8c524486eaec64c7242c161619c0813488e1", "expected_pages": 42, "actual_pages": 42, "assembly_status": "ok", "elapsed_ms": 5892.6, "timings": {"detect_ms": 0.0, "route_ms": 1191.3, "scan_ms": 23.4, "plan_ms": 2.3, "run_ms": 4350.4, "assemble_ms": 323.2, "total_ms": 5892.6}, "blocks": 523, "tables": 1, "images": 10, "pages": 42, "ocr": null, "route": "enrichment", "dom_key": "dom/d-4360c965c77ed108/dom-v0.1.0.docJSON", "raw_key": "raw/4360c965c77ed10833d4f406a75b8c524486eaec64c7242c161619c0813488e1.pdf"}
OK   PMC12034030.pdf              pdf        pages=42  blocks=523  tables=1   route=enrichment
      timings: detect_ms=0.0ms  route_ms=1191.3ms  scan_ms=23.4ms  plan_ms=2.3ms  run_ms=4350.4ms  assemble_ms=323.2ms  total_ms=5892.6ms  total=5892.6ms
[event] {"event": "document.parsed.v1", "time": "1789325124.778", "document_id": "d-e97e99ab3d38aa1c", "parser_version": "parser-v0.1.0", "type": "pdf", "probe": "magic", "sha256": "e97e99ab3d38aa1cd7f8e55bd9aa9e44db477e6e7aa72b5f4a1a519886c821cd", "expected_pages": 7, "actual_pages": 7, "assembly_status": "ok", "elapsed_ms": 5682.5, "timings": {"detect_ms": 0.0, "route_ms": 692.2, "scan_ms": 17.1, "plan_ms": 1.9, "run_ms": 4876.6, "assemble_ms": 94.0, "total_ms": 5682.5}, "blocks": 106, "tables": 0, "images": 4, "pages": 7, "ocr": null, "route": "docling", "dom_key": "dom/d-e97e99ab3d38aa1c/dom-v0.1.0.docJSON", "raw_key": "raw/e97e99ab3d38aa1cd7f8e55bd9aa9e44db477e6e7aa72b5f4a1a519886c821cd.pdf"}
OK   PMC12037523.pdf              pdf        pages=7   blocks=106  tables=0   route=docling
      timings: detect_ms=0.0ms  route_ms=692.2ms  scan_ms=17.1ms  plan_ms=1.9ms  run_ms=4876.6ms  assemble_ms=94.0ms  total_ms=5682.5ms  total=5682.5ms
[event] {"event": "document.parsed.v1", "time": "1789325135.717", "document_id": "d-d658d911b73499ed", "parser_version": "parser-v0.1.0", "type": "pdf", "probe": "magic", "sha256": "d658d911b73499ed9fc7ab7c0b35089defd8e70e8695d34d5680c9bc845b5695", "expected_pages": 8, "actual_pages": 8, "assembly_status": "ok", "elapsed_ms": 10932.2, "timings": {"detect_ms": 0.0, "route_ms": 797.1, "scan_ms": 4.8, "plan_ms": 2.4, "run_ms": 9982.4, "assemble_ms": 143.0, "total_ms": 10932.2}, "blocks": 74, "tables": 1, "images": 11, "pages": 8, "ocr": null, "route": "docling", "dom_key": "dom/d-d658d911b73499ed/dom-v0.1.0.docJSON", "raw_key": "raw/d658d911b73499ed9fc7ab7c0b35089defd8e70e8695d34d5680c9bc845b5695.pdf"}
OK   PMC12039463.pdf              pdf        pages=8   blocks=74   tables=1   route=docling
      timings: detect_ms=0.0ms  route_ms=797.1ms  scan_ms=4.8ms  plan_ms=2.4ms  run_ms=9982.4ms  assemble_ms=143.0ms  total_ms=10932.2ms  total=10932.2ms
[event] {"event": "document.parsed.v1", "time": "1789325153.072", "document_id": "d-ee8292ddad256f76", "parser_version": "parser-v0.1.0", "type": "pdf", "probe": "magic", "sha256": "ee8292ddad256f76a92da04ae5339ec21b71b86b97425227f227591b027d173b", "expected_pages": 14, "actual_pages": 14, "assembly_status": "ok", "elapsed_ms": 17351.0, "timings": {"detect_ms": 0.0, "route_ms": 780.6, "scan_ms": 5.2, "plan_ms": 2.7, "run_ms": 16406.2, "assemble_ms": 155.3, "total_ms": 17351.0}, "blocks": 169, "tables": 8, "images": 3, "pages": 14, "ocr": null, "route": "docling", "dom_key": "dom/d-ee8292ddad256f76/dom-v0.1.0.docJSON", "raw_key": "raw/ee8292ddad256f76a92da04ae5339ec21b71b86b97425227f227591b027d173b.pdf"}
OK   PMC12060337.pdf              pdf        pages=14  blocks=169  tables=8   route=docling
      timings: detect_ms=0.0ms  route_ms=780.6ms  scan_ms=5.2ms  plan_ms=2.7ms  run_ms=16406.2ms  assemble_ms=155.3ms  total_ms=17351.0ms  total=17351.0ms
[event] {"event": "document.parsed.v1", "time": "1789325161.621", "document_id": "d-4c9f5812c6434f32", "parser_version": "parser-v0.1.0", "type": "pdf", "probe": "magic", "sha256": "4c9f5812c6434f32fb3cd8a5167f5150301e3a7a5c052ccaca6ba02a5aec87ea", "expected_pages": 9, "actual_pages": 9, "assembly_status": "ok", "elapsed_ms": 8546.3, "timings": {"detect_ms": 0.0, "route_ms": 706.9, "scan_ms": 2.6, "plan_ms": 2.5, "run_ms": 7732.2, "assemble_ms": 101.6, "total_ms": 8546.3}, "blocks": 121, "tables": 2, "images": 5, "pages": 9, "ocr": null, "route": "docling", "dom_key": "dom/d-4c9f5812c6434f32/dom-v0.1.0.docJSON", "raw_key": "raw/4c9f5812c6434f32fb3cd8a5167f5150301e3a7a5c052ccaca6ba02a5aec87ea.pdf"}
OK   PMC12062599.pdf              pdf        pages=9   blocks=121  tables=2   route=docling
      timings: detect_ms=0.0ms  route_ms=706.9ms  scan_ms=2.6ms  plan_ms=2.5ms  run_ms=7732.2ms  assemble_ms=101.6ms  total_ms=8546.3ms  total=8546.3ms
[event] {"event": "document.parsed.v1", "time": "1789325174.821", "document_id": "d-6e550cc3aab689d7", "parser_version": "parser-v0.1.0", "type": "pdf", "probe": "magic", "sha256": "6e550cc3aab689d7498dab613ae545d388ac0702ad234fa435542767b5717114", "expected_pages": 18, "actual_pages": 18, "assembly_status": "ok", "elapsed_ms": 13196.2, "timings": {"detect_ms": 0.0, "route_ms": 1011.2, "scan_ms": 21.3, "plan_ms": 2.6, "run_ms": 11933.6, "assemble_ms": 226.4, "total_ms": 13196.2}, "blocks": 328, "tables": 1, "images": 7, "pages": 18, "ocr": null, "route": "docling", "dom_key": "dom/d-6e550cc3aab689d7/dom-v0.1.0.docJSON", "raw_key": "raw/6e550cc3aab689d7498dab613ae545d388ac0702ad234fa435542767b5717114.pdf"}
OK   PMC12084665.pdf              pdf        pages=18  blocks=328  tables=1   route=docling
      timings: detect_ms=0.0ms  route_ms=1011.2ms  scan_ms=21.3ms  plan_ms=2.6ms  run_ms=11933.6ms  assemble_ms=226.4ms  total_ms=13196.2ms  total=13196.2ms
[event] {"event": "document.parsed.v1", "time": "1789325184.771", "document_id": "d-045345c5870c61fc", "parser_version": "parser-v0.1.0", "type": "pdf", "probe": "magic", "sha256": "045345c5870c61fc18d56aeb13544fab173e2e1aa015d757fe8389cc3398eefb", "expected_pages": 7, "actual_pages": 7, "assembly_status": "ok", "elapsed_ms": 9948.4, "timings": {"detect_ms": 0.0, "route_ms": 3639.3, "scan_ms": 16.6, "plan_ms": 2.3, "run_ms": 6168.7, "assemble_ms": 120.8, "total_ms": 9948.4}, "blocks": 123, "tables": 0, "images": 3, "pages": 7, "ocr": null, "route": "docling", "dom_key": "dom/d-045345c5870c61fc/dom-v0.1.0.docJSON", "raw_key": "raw/045345c5870c61fc18d56aeb13544fab173e2e1aa015d757fe8389cc3398eefb.pdf"}
OK   PMC12085213.pdf              pdf        pages=7   blocks=123  tables=0   route=docling
      timings: detect_ms=0.0ms  route_ms=3639.3ms  scan_ms=16.6ms  plan_ms=2.3ms  run_ms=6168.7ms  assemble_ms=120.8ms  total_ms=9948.4ms  total=9948.4ms
[event] {"event": "document.parsed.v1", "time": "1789325197.331", "document_id": "d-4af0d3044821ec0e", "parser_version": "parser-v0.1.0", "type": "pdf", "probe": "magic", "sha256": "4af0d3044821ec0eb099568c3cb1a43980d6c16bdcdef8508db70b496a637b91", "expected_pages": 11, "actual_pages": 11, "assembly_status": "ok", "elapsed_ms": 12557.4, "timings": {"detect_ms": 0.0, "route_ms": 909.9, "scan_ms": 2.6, "plan_ms": 2.6, "run_ms": 11511.5, "assemble_ms": 130.4, "total_ms": 12557.4}, "blocks": 199, "tables": 4, "images": 1, "pages": 11, "ocr": null, "route": "docling", "dom_key": "dom/d-4af0d3044821ec0e/dom-v0.1.0.docJSON", "raw_key": "raw/4af0d3044821ec0eb099568c3cb1a43980d6c16bdcdef8508db70b496a637b91.pdf"}
OK   PMC12105954.pdf              pdf        pages=11  blocks=199  tables=4   route=docling
      timings: detect_ms=0.0ms  route_ms=909.9ms  scan_ms=2.6ms  plan_ms=2.6ms  run_ms=11511.5ms  assemble_ms=130.4ms  total_ms=12557.4ms  total=12557.4ms
[event] {"event": "document.parsed.v1", "time": "1789325211.799", "document_id": "d-b614f6b8c8ab7fb9", "parser_version": "parser-v0.1.0", "type": "pdf", "probe": "magic", "sha256": "b614f6b8c8ab7fb9ec5667de6d751b59c3ba41228f783849d2ac3ed9b6387a89", "expected_pages": 8, "actual_pages": 8, "assembly_status": "ok", "elapsed_ms": 14465.5, "timings": {"detect_ms": 0.0, "route_ms": 712.0, "scan_ms": 18.0, "plan_ms": 2.2, "run_ms": 13603.0, "assemble_ms": 129.8, "total_ms": 14465.5}, "blocks": 111, "tables": 3, "images": 2, "pages": 8, "ocr": null, "route": "docling", "dom_key": "dom/d-b614f6b8c8ab7fb9/dom-v0.1.0.docJSON", "raw_key": "raw/b614f6b8c8ab7fb9ec5667de6d751b59c3ba41228f783849d2ac3ed9b6387a89.pdf"}
OK   PMC12127945.pdf              pdf        pages=8   blocks=111  tables=3   route=docling
      timings: detect_ms=0.0ms  route_ms=712.0ms  scan_ms=18.0ms  plan_ms=2.2ms  run_ms=13603.0ms  assemble_ms=129.8ms  total_ms=14465.5ms  total=14465.5ms
[event] {"event": "document.parsed.v1", "time": "1789325218.750", "document_id": "d-0bb977becb1571fb", "parser_version": "parser-v0.1.0", "type": "pdf", "probe": "magic", "sha256": "0bb977becb1571fbd08bc418337a4e5eb82e1bfb97e9d4eeb04b8de030bb431b", "expected_pages": 24, "actual_pages": 24, "assembly_status": "ok", "elapsed_ms": 6945.2, "timings": {"detect_ms": 0.0, "route_ms": 1008.8, "scan_ms": 9.6, "plan_ms": 2.4, "run_ms": 5656.3, "assemble_ms": 266.7, "total_ms": 6945.2}, "blocks": 497, "tables": 9, "images": 6, "pages": 24, "ocr": null, "route": "enrichment", "dom_key": "dom/d-0bb977becb1571fb/dom-v0.1.0.docJSON", "raw_key": "raw/0bb977becb1571fbd08bc418337a4e5eb82e1bfb97e9d4eeb04b8de030bb431b.pdf"}
OK   PMC12136301.pdf              pdf        pages=24  blocks=497  tables=9   route=enrichment
      timings: detect_ms=0.0ms  route_ms=1008.8ms  scan_ms=9.6ms  plan_ms=2.4ms  run_ms=5656.3ms  assemble_ms=266.7ms  total_ms=6945.2ms  total=6945.2ms
[event] {"event": "document.parsed.v1", "time": "1789325223.553", "document_id": "d-1318053f0f40fa3d", "parser_version": "parser-v0.1.0", "type": "pdf", "probe": "magic", "sha256": "1318053f0f40fa3d2411ce99b53b1b4cd1e6dbeed73954290f251cc621987c0b", "expected_pages": 3, "actual_pages": 3, "assembly_status": "ok", "elapsed_ms": 4799.7, "timings": {"detect_ms": 0.0, "route_ms": 847.3, "scan_ms": 4.1, "plan_ms": 2.0, "run_ms": 3845.6, "assemble_ms": 100.1, "total_ms": 4799.7}, "blocks": 82, "tables": 1, "images": 6, "pages": 3, "ocr": null, "route": "docling", "dom_key": "dom/d-1318053f0f40fa3d/dom-v0.1.0.docJSON", "raw_key": "raw/1318053f0f40fa3d2411ce99b53b1b4cd1e6dbeed73954290f251cc621987c0b.pdf"}
OK   PMC12142542.pdf              pdf        pages=3   blocks=82   tables=1   route=docling
      timings: detect_ms=0.0ms  route_ms=847.3ms  scan_ms=4.1ms  plan_ms=2.0ms  run_ms=3845.6ms  assemble_ms=100.1ms  total_ms=4799.7ms  total=4799.7ms
[event] {"event": "document.parsed.v1", "time": "1789325229.870", "document_id": "d-9b8253822cfcaf56", "parser_version": "parser-v0.1.0", "type": "pdf", "probe": "magic", "sha256": "9b8253822cfcaf5637d727bfa7d7170b23f5d2372abf4720ddacd51ba43b7754", "expected_pages": 8, "actual_pages": 8, "assembly_status": "ok", "elapsed_ms": 6314.1, "timings": {"detect_ms": 0.0, "route_ms": 846.0, "scan_ms": 3.4, "plan_ms": 1.9, "run_ms": 5361.5, "assemble_ms": 100.9, "total_ms": 6314.1}, "blocks": 154, "tables": 1, "images": 3, "pages": 8, "ocr": null, "route": "docling", "dom_key": "dom/d-9b8253822cfcaf56/dom-v0.1.0.docJSON", "raw_key": "raw/9b8253822cfcaf5637d727bfa7d7170b23f5d2372abf4720ddacd51ba43b7754.pdf"}
OK   PMC12146309.pdf              pdf        pages=8   blocks=154  tables=1   route=docling
      timings: detect_ms=0.0ms  route_ms=846.0ms  scan_ms=3.4ms  plan_ms=1.9ms  run_ms=5361.5ms  assemble_ms=100.9ms  total_ms=6314.1ms  total=6314.1ms
[event] {"event": "document.parsed.v1", "time": "1789325241.531", "document_id": "d-6260ebe258c0cd71", "parser_version": "parser-v0.1.0", "type": "pdf", "probe": "magic", "sha256": "6260ebe258c0cd71751dfaaf1d49f7e82b2e7dc742d78d537cf69968c5b1216a", "expected_pages": 13, "actual_pages": 13, "assembly_status": "ok", "elapsed_ms": 11658.8, "timings": {"detect_ms": 0.0, "route_ms": 847.6, "scan_ms": 18.6, "plan_ms": 2.0, "run_ms": 10556.8, "assemble_ms": 233.2, "total_ms": 11658.8}, "blocks": 275, "tables": 0, "images": 12, "pages": 13, "ocr": null, "route": "docling", "dom_key": "dom/d-6260ebe258c0cd71/dom-v0.1.0.docJSON", "raw_key": "raw/6260ebe258c0cd71751dfaaf1d49f7e82b2e7dc742d78d537cf69968c5b1216a.pdf"}
OK   PMC12148987.pdf              pdf        pages=13  blocks=275  tables=0   route=docling
      timings: detect_ms=0.0ms  route_ms=847.6ms  scan_ms=18.6ms  plan_ms=2.0ms  run_ms=10556.8ms  assemble_ms=233.2ms  total_ms=11658.8ms  total=11658.8ms
[33m[WARNING] 2026-09-14 00:17:24,346 [RapidOCR] main.py:132: The text detection result is empty[0m
RapidOCR returned empty result!
[event] {"event": "document.parsed.v1", "time": "1789325247.776", "document_id": "d-29054f1779ed1b8a", "parser_version": "parser-v0.1.0", "type": "pdf", "probe": "magic", "sha256": "29054f1779ed1b8abb85422131bf16f94bf84607da10ccb77b44169b1f563013", "expected_pages": 9, "actual_pages": 9, "assembly_status": "ok", "elapsed_ms": 6242.8, "timings": {"detect_ms": 0.0, "route_ms": 855.6, "scan_ms": 3.8, "plan_ms": 2.3, "run_ms": 5242.0, "assemble_ms": 138.5, "total_ms": 6242.8}, "blocks": 158, "tables": 0, "images": 5, "pages": 9, "ocr": null, "route": "docling", "dom_key": "dom/d-29054f1779ed1b8a/dom-v0.1.0.docJSON", "raw_key": "raw/29054f1779ed1b8abb85422131bf16f94bf84607da10ccb77b44169b1f563013.pdf"}
OK   PMC12158961.pdf              pdf        pages=9   blocks=158  tables=0   route=docling
      timings: detect_ms=0.0ms  route_ms=855.6ms  scan_ms=3.8ms  plan_ms=2.3ms  run_ms=5242.0ms  assemble_ms=138.5ms  total_ms=6242.8ms  total=6242.8ms
[event] {"event": "document.parsed.v1", "time": "1789325252.189", "document_id": "d-db170a91326befe3", "parser_version": "parser-v0.1.0", "type": "pdf", "probe": "magic", "sha256": "db170a91326befe385e47511e1086583b1b57b596de23795cabee0c114b37cc0", "expected_pages": 16, "actual_pages": 16, "assembly_status": "ok", "elapsed_ms": 4408.7, "timings": {"detect_ms": 0.0, "route_ms": 1428.5, "scan_ms": 19.5, "plan_ms": 2.2, "run_ms": 2745.4, "assemble_ms": 211.0, "total_ms": 4408.7}, "blocks": 410, "tables": 3, "images": 6, "pages": 16, "ocr": null, "route": "enrichment", "dom_key": "dom/d-db170a91326befe3/dom-v0.1.0.docJSON", "raw_key": "raw/db170a91326befe385e47511e1086583b1b57b596de23795cabee0c114b37cc0.pdf"}
OK   PMC12165386.pdf              pdf        pages=16  blocks=410  tables=3   route=enrichment
      timings: detect_ms=0.0ms  route_ms=1428.5ms  scan_ms=19.5ms  plan_ms=2.2ms  run_ms=2745.4ms  assemble_ms=211.0ms  total_ms=4408.7ms  total=4408.7ms
[event] {"event": "document.parsed.v1", "time": "1789325257.745", "document_id": "d-9d075c4932185b52", "parser_version": "parser-v0.1.0", "type": "pdf", "probe": "magic", "sha256": "9d075c4932185b52a18656bacc2ee12d9a8020c92362514932c8ac56515126df", "expected_pages": 8, "actual_pages": 8, "assembly_status": "ok", "elapsed_ms": 5545.6, "timings": {"detect_ms": 0.0, "route_ms": 807.4, "scan_ms": 3.3, "plan_ms": 1.9, "run_ms": 4638.1, "assemble_ms": 93.8, "total_ms": 5545.6}, "blocks": 148, "tables": 0, "images": 3, "pages": 8, "ocr": null, "route": "docling", "dom_key": "dom/d-9d075c4932185b52/dom-v0.1.0.docJSON", "raw_key": "raw/9d075c4932185b52a18656bacc2ee12d9a8020c92362514932c8ac56515126df.pdf"}
OK   PMC12170550.pdf              pdf        pages=8   blocks=148  tables=0   route=docling
      timings: detect_ms=0.0ms  route_ms=807.4ms  scan_ms=3.3ms  plan_ms=1.9ms  run_ms=4638.1ms  assemble_ms=93.8ms  total_ms=5545.6ms  total=5545.6ms
[event] {"event": "document.parsed.v1", "time": "1789325267.162", "document_id": "d-3285a88093f5adc7", "parser_version": "parser-v0.1.0", "type": "pdf", "probe": "magic", "sha256": "3285a88093f5adc7e602a6fd6f5ca6bdc4da64348e4ec80d43098ff042413599", "expected_pages": 7, "actual_pages": 7, "assembly_status": "ok", "elapsed_ms": 9413.4, "timings": {"detect_ms": 0.0, "route_ms": 604.6, "scan_ms": 4.0, "plan_ms": 1.8, "run_ms": 8668.0, "assemble_ms": 132.7, "total_ms": 9413.4}, "blocks": 82, "tables": 0, "images": 10, "pages": 7, "ocr": null, "route": "docling", "dom_key": "dom/d-3285a88093f5adc7/dom-v0.1.0.docJSON", "raw_key": "raw/3285a88093f5adc7e602a6fd6f5ca6bdc4da64348e4ec80d43098ff042413599.pdf"}
OK   PMC12183524.pdf              pdf        pages=7   blocks=82   tables=0   route=docling
      timings: detect_ms=0.0ms  route_ms=604.6ms  scan_ms=4.0ms  plan_ms=1.8ms  run_ms=8668.0ms  assemble_ms=132.7ms  total_ms=9413.4ms  total=9413.4ms
[event] {"event": "document.parsed.v1", "time": "1789325300.556", "document_id": "d-f3962830952c2b32", "parser_version": "parser-v0.1.0", "type": "pdf", "probe": "magic", "sha256": "f3962830952c2b32be735f8004423f7d97ab53dfa63ee58ae7b10b372cf577e9", "expected_pages": 13, "actual_pages": 13, "assembly_status": "ok", "elapsed_ms": 33391.0, "timings": {"detect_ms": 0.0, "route_ms": 969.1, "scan_ms": 3.7, "plan_ms": 1.8, "run_ms": 32132.1, "assemble_ms": 283.3, "total_ms": 33391.0}, "blocks": 165, "tables": 13, "images": 18, "pages": 13, "ocr": null, "route": "docling", "dom_key": "dom/d-f3962830952c2b32/dom-v0.1.0.docJSON", "raw_key": "raw/f3962830952c2b32be735f8004423f7d97ab53dfa63ee58ae7b10b372cf577e9.pdf"}
OK   PMC12204919.pdf              pdf        pages=13  blocks=165  tables=13  route=docling
      timings: detect_ms=0.0ms  route_ms=969.1ms  scan_ms=3.7ms  plan_ms=1.8ms  run_ms=32132.1ms  assemble_ms=283.3ms  total_ms=33391.0ms  total=33391.0ms
[33m[WARNING] 2026-09-14 00:18:25,558 [RapidOCR] main.py:132: The text detection result is empty[0m
RapidOCR returned empty result!
[event] {"event": "document.parsed.v1", "time": "1789325307.387", "document_id": "d-59f3d2c8e3ba1be5", "parser_version": "parser-v0.1.0", "type": "pdf", "probe": "magic", "sha256": "59f3d2c8e3ba1be5c5e2f2c26c614ee281ca751cd1f574f8a8ef94831ced2a1f", "expected_pages": 5, "actual_pages": 5, "assembly_status": "ok", "elapsed_ms": 6827.7, "timings": {"detect_ms": 0.0, "route_ms": 645.4, "scan_ms": 16.4, "plan_ms": 2.4, "run_ms": 6085.4, "assemble_ms": 76.3, "total_ms": 6827.7}, "blocks": 60, "tables": 0, "images": 6, "pages": 5, "ocr": null, "route": "docling", "dom_key": "dom/d-59f3d2c8e3ba1be5/dom-v0.1.0.docJSON", "raw_key": "raw/59f3d2c8e3ba1be5c5e2f2c26c614ee281ca751cd1f574f8a8ef94831ced2a1f.pdf"}
OK   PMC12205544.pdf              pdf        pages=5   blocks=60   tables=0   route=docling
      timings: detect_ms=0.0ms  route_ms=645.4ms  scan_ms=16.4ms  plan_ms=2.4ms  run_ms=6085.4ms  assemble_ms=76.3ms  total_ms=6827.7ms  total=6827.7ms
[event] {"event": "document.parsed.v1", "time": "1789325324.550", "document_id": "d-7d7345c0a1e9ea5f", "parser_version": "parser-v0.1.0", "type": "pdf", "probe": "magic", "sha256": "7d7345c0a1e9ea5fb9629bd72ee7b303a12817261e315cff7104773b2d81ddf2", "expected_pages": 13, "actual_pages": 13, "assembly_status": "ok", "elapsed_ms": 17158.2, "timings": {"detect_ms": 0.0, "route_ms": 1295.2, "scan_ms": 6.1, "plan_ms": 2.5, "run_ms": 15617.1, "assemble_ms": 236.5, "total_ms": 17158.2}, "blocks": 267, "tables": 6, "images": 9, "pages": 13, "ocr": null, "route": "docling", "dom_key": "dom/d-7d7345c0a1e9ea5f/dom-v0.1.0.docJSON", "raw_key": "raw/7d7345c0a1e9ea5fb9629bd72ee7b303a12817261e315cff7104773b2d81ddf2.pdf"}
OK   PMC12209860.pdf              pdf        pages=13  blocks=267  tables=6   route=docling
      timings: detect_ms=0.0ms  route_ms=1295.2ms  scan_ms=6.1ms  plan_ms=2.5ms  run_ms=15617.1ms  assemble_ms=236.5ms  total_ms=17158.2ms  total=17158.2ms
[event] {"event": "document.parsed.v1", "time": "1789325355.300", "document_id": "d-d8060798bc45f2b8", "parser_version": "parser-v0.1.0", "type": "pdf", "probe": "magic", "sha256": "d8060798bc45f2b8089e3423820c058596664e0f6fa43df3456da0d950899118", "expected_pages": 35, "actual_pages": 35, "assembly_status": "ok", "elapsed_ms": 30745.5, "timings": {"detect_ms": 0.0, "route_ms": 1821.6, "scan_ms": 18.3, "plan_ms": 2.7, "run_ms": 28455.4, "assemble_ms": 446.7, "total_ms": 30745.5}, "blocks": 629, "tables": 3, "images": 20, "pages": 35, "ocr": null, "route": "docling", "dom_key": "dom/d-d8060798bc45f2b8/dom-v0.1.0.docJSON", "raw_key": "raw/d8060798bc45f2b8089e3423820c058596664e0f6fa43df3456da0d950899118.pdf"}
OK   PMC12230268.pdf              pdf        pages=35  blocks=629  tables=3   route=docling
      timings: detect_ms=0.0ms  route_ms=1821.6ms  scan_ms=18.3ms  plan_ms=2.7ms  run_ms=28455.4ms  assemble_ms=446.7ms  total_ms=30745.5ms  total=30745.5ms
RapidOCR returned empty result!
RapidOCR returned empty result!
[33m[WARNING] 2026-09-14 00:19:19,703 [RapidOCR] main.py:132: The text detection result is empty[0m
RapidOCR returned empty result!
[33m[WARNING] 2026-09-14 00:19:19,904 [RapidOCR] main.py:132: The text detection result is empty[0m
RapidOCR returned empty result!
[event] {"event": "document.parsed.v1", "time": "1789325360.938", "document_id": "d-e1054c8cd66d1ba5", "parser_version": "parser-v0.1.0", "type": "pdf", "probe": "magic", "sha256": "e1054c8cd66d1ba5f7f00e63bddae41e5db1203786857365d76d00b406207d97", "expected_pages": 4, "actual_pages": 4, "assembly_status": "ok", "elapsed_ms": 5634.9, "timings": {"detect_ms": 0.0, "route_ms": 628.9, "scan_ms": 4.5, "plan_ms": 2.2, "run_ms": 4902.1, "assemble_ms": 96.8, "total_ms": 5634.9}, "blocks": 64, "tables": 0, "images": 10, "pages": 4, "ocr": null, "route": "docling", "dom_key": "dom/d-e1054c8cd66d1ba5/dom-v0.1.0.docJSON", "raw_key": "raw/e1054c8cd66d1ba5f7f00e63bddae41e5db1203786857365d76d00b406207d97.pdf"}
OK   PMC12231575.pdf              pdf        pages=4   blocks=64   tables=0   route=docling
      timings: detect_ms=0.0ms  route_ms=628.9ms  scan_ms=4.5ms  plan_ms=2.2ms  run_ms=4902.1ms  assemble_ms=96.8ms  total_ms=5634.9ms  total=5634.9ms
[event] {"event": "document.parsed.v1", "time": "1789325383.062", "document_id": "d-a7daa52af9fc161a", "parser_version": "parser-v0.1.0", "type": "pdf", "probe": "magic", "sha256": "a7daa52af9fc161a6acc917df26b41a0b43a5aa122d7ebf4429ebf66a2b9d951", "expected_pages": 14, "actual_pages": 14, "assembly_status": "ok", "elapsed_ms": 22115.3, "timings": {"detect_ms": 0.0, "route_ms": 1507.3, "scan_ms": 20.4, "plan_ms": 2.9, "run_ms": 20321.0, "assemble_ms": 261.0, "total_ms": 22115.3}, "blocks": 164, "tables": 3, "images": 10, "pages": 14, "ocr": null, "route": "docling", "dom_key": "dom/d-a7daa52af9fc161a/dom-v0.1.0.docJSON", "raw_key": "raw/a7daa52af9fc161a6acc917df26b41a0b43a5aa122d7ebf4429ebf66a2b9d951.pdf"}
OK   PMC12232211.pdf              pdf        pages=14  blocks=164  tables=3   route=docling
      timings: detect_ms=0.0ms  route_ms=1507.3ms  scan_ms=20.4ms  plan_ms=2.9ms  run_ms=20321.0ms  assemble_ms=261.0ms  total_ms=22115.3ms  total=22115.3ms
[event] {"event": "document.parsed.v1", "time": "1789325385.286", "document_id": "d-1210c5052e1f9320", "parser_version": "parser-v0.1.0", "type": "pdf", "probe": "magic", "sha256": "1210c5052e1f932039de69cc598592be9a8ad0e297e977b872314c990d1cf95e", "expected_pages": 5, "actual_pages": 5, "assembly_status": "ok", "elapsed_ms": 2222.5, "timings": {"detect_ms": 0.0, "route_ms": 1054.4, "scan_ms": 3.2, "plan_ms": 1.9, "run_ms": 1054.0, "assemble_ms": 108.4, "total_ms": 2222.5}, "blocks": 56, "tables": 0, "images": 6, "pages": 5, "ocr": null, "route": "enrichment", "dom_key": "dom/d-1210c5052e1f9320/dom-v0.1.0.docJSON", "raw_key": "raw/1210c5052e1f932039de69cc598592be9a8ad0e297e977b872314c990d1cf95e.pdf"}
OK   PMC12233009.pdf              pdf        pages=5   blocks=56   tables=0   route=enrichment
      timings: detect_ms=0.0ms  route_ms=1054.4ms  scan_ms=3.2ms  plan_ms=1.9ms  run_ms=1054.0ms  assemble_ms=108.4ms  total_ms=2222.5ms  total=2222.5ms
[33m[WARNING] 2026-09-14 00:19:51,066 [RapidOCR] main.py:132: The text detection result is empty[0m
RapidOCR returned empty result!
[33m[WARNING] 2026-09-14 00:19:51,292 [RapidOCR] main.py:132: The text detection result is empty[0m
RapidOCR returned empty result!
[33m[WARNING] 2026-09-14 00:19:54,681 [RapidOCR] main.py:132: The text detection result is empty[0m
RapidOCR returned empty result!
[event] {"event": "document.parsed.v1", "time": "1789325429.607", "document_id": "d-d73c4fda6308d69e", "parser_version": "parser-v0.1.0", "type": "pdf", "probe": "magic", "sha256": "d73c4fda6308d69ef5f31066d8d55c8accb9b34e9203e1fcc08cd15c4f5416eb", "expected_pages": 21, "actual_pages": 21, "assembly_status": "ok", "elapsed_ms": 44306.6, "timings": {"detect_ms": 0.0, "route_ms": 3747.0, "scan_ms": 23.8, "plan_ms": 2.3, "run_ms": 40076.7, "assemble_ms": 451.2, "total_ms": 44306.6}, "blocks": 227, "tables": 0, "images": 28, "pages": 21, "ocr": null, "route": "docling", "dom_key": "dom/d-d73c4fda6308d69e/dom-v0.1.0.docJSON", "raw_key": "raw/d73c4fda6308d69ef5f31066d8d55c8accb9b34e9203e1fcc08cd15c4f5416eb.pdf"}
OK   PMC12238675.pdf              pdf        pages=21  blocks=227  tables=0   route=docling
      timings: detect_ms=0.0ms  route_ms=3747.0ms  scan_ms=23.8ms  plan_ms=2.3ms  run_ms=40076.7ms  assemble_ms=451.2ms  total_ms=44306.6ms  total=44306.6ms
RapidOCR returned empty result!
[33m[WARNING] 2026-09-14 00:20:35,218 [RapidOCR] main.py:132: The text detection result is empty[0m
RapidOCR returned empty result!
RapidOCR returned empty result!
[33m[WARNING] 2026-09-14 00:20:39,052 [RapidOCR] main.py:132: The text detection result is empty[0m
RapidOCR returned empty result!
RapidOCR returned empty result!
[event] {"event": "document.parsed.v1", "time": "1789325439.777", "document_id": "d-fbdd14f83a2c85d1", "parser_version": "parser-v0.1.0", "type": "pdf", "probe": "magic", "sha256": "fbdd14f83a2c85d1e8bc4df38b63a964c673157bf3692bbf5febd52ee08ff21d", "expected_pages": 5, "actual_pages": 5, "assembly_status": "ok", "elapsed_ms": 10160.0, "timings": {"detect_ms": 0.0, "route_ms": 1444.3, "scan_ms": 21.7, "plan_ms": 2.2, "run_ms": 8565.5, "assemble_ms": 122.9, "total_ms": 10160.0}, "blocks": 67, "tables": 1, "images": 9, "pages": 5, "ocr": null, "route": "docling", "dom_key": "dom/d-fbdd14f83a2c85d1/dom-v0.1.0.docJSON", "raw_key": "raw/fbdd14f83a2c85d1e8bc4df38b63a964c673157bf3692bbf5febd52ee08ff21d.pdf"}
OK   PMC12239123.pdf              pdf        pages=5   blocks=67   tables=1   route=docling
      timings: detect_ms=0.0ms  route_ms=1444.3ms  scan_ms=21.7ms  plan_ms=2.2ms  run_ms=8565.5ms  assemble_ms=122.9ms  total_ms=10160.0ms  total=10160.0ms
[event] {"event": "document.parsed.v1", "time": "1789325444.481", "document_id": "d-2ca808a137f1fc7a", "parser_version": "parser-v0.1.0", "type": "pdf", "probe": "magic", "sha256": "2ca808a137f1fc7aec0cb445dc8519bdc22ee999e3bf6c9d758f90f1b199b195", "expected_pages": 6, "actual_pages": 6, "assembly_status": "ok", "elapsed_ms": 4699.5, "timings": {"detect_ms": 0.0, "route_ms": 599.4, "scan_ms": 5.5, "plan_ms": 1.9, "run_ms": 4009.2, "assemble_ms": 82.2, "total_ms": 4699.5}, "blocks": 74, "tables": 1, "images": 2, "pages": 6, "ocr": null, "route": "docling", "dom_key": "dom/d-2ca808a137f1fc7a/dom-v0.1.0.docJSON", "raw_key": "raw/2ca808a137f1fc7aec0cb445dc8519bdc22ee999e3bf6c9d758f90f1b199b195.pdf"}
OK   PMC12240162.pdf              pdf        pages=6   blocks=74   tables=1   route=docling
      timings: detect_ms=0.0ms  route_ms=599.4ms  scan_ms=5.5ms  plan_ms=1.9ms  run_ms=4009.2ms  assemble_ms=82.2ms  total_ms=4699.5ms  total=4699.5ms
[event] {"event": "document.parsed.v1", "time": "1789325451.979", "document_id": "d-540542f0721186ed", "parser_version": "parser-v0.1.0", "type": "pdf", "probe": "magic", "sha256": "540542f0721186ed24c28116d3d6c235977377059de6dee38792afb65b60eac0", "expected_pages": 13, "actual_pages": 13, "assembly_status": "ok", "elapsed_ms": 7495.0, "timings": {"detect_ms": 0.0, "route_ms": 677.6, "scan_ms": 4.9, "plan_ms": 16.8, "run_ms": 6672.7, "assemble_ms": 122.4, "total_ms": 7495.0}, "blocks": 178, "tables": 1, "images": 2, "pages": 13, "ocr": null, "route": "docling", "dom_key": "dom/d-540542f0721186ed/dom-v0.1.0.docJSON", "raw_key": "raw/540542f0721186ed24c28116d3d6c235977377059de6dee38792afb65b60eac0.pdf"}
OK   PMC12245583.pdf              pdf        pages=13  blocks=178  tables=1   route=docling
      timings: detect_ms=0.0ms  route_ms=677.6ms  scan_ms=4.9ms  plan_ms=16.8ms  run_ms=6672.7ms  assemble_ms=122.4ms  total_ms=7495.0ms  total=7495.0ms
[33m[WARNING] 2026-09-14 00:20:55,817 [RapidOCR] main.py:132: The text detection result is empty[0m
RapidOCR returned empty result!
[event] {"event": "document.parsed.v1", "time": "1789325456.228", "document_id": "d-b7f34c163d7ee3ba", "parser_version": "parser-v0.1.0", "type": "pdf", "probe": "magic", "sha256": "b7f34c163d7ee3baab0991f924f66fb71ceff1f6a14e04675322ad5ce2587485", "expected_pages": 2, "actual_pages": 2, "assembly_status": "ok", "elapsed_ms": 4246.2, "timings": {"detect_ms": 0.0, "route_ms": 470.2, "scan_ms": 3.2, "plan_ms": 2.0, "run_ms": 3680.8, "assemble_ms": 88.5, "total_ms": 4246.2}, "blocks": 30, "tables": 0, "images": 10, "pages": 2, "ocr": null, "route": "docling", "dom_key": "dom/d-b7f34c163d7ee3ba/dom-v0.1.0.docJSON", "raw_key": "raw/b7f34c163d7ee3baab0991f924f66fb71ceff1f6a14e04675322ad5ce2587485.pdf"}
OK   PMC12259341.pdf              pdf        pages=2   blocks=30   tables=0   route=docling
      timings: detect_ms=0.0ms  route_ms=470.2ms  scan_ms=3.2ms  plan_ms=2.0ms  run_ms=3680.8ms  assemble_ms=88.5ms  total_ms=4246.2ms  total=4246.2ms
[event] {"event": "document.parsed.v1", "time": "1789325462.562", "document_id": "d-8f2f30ca19c42df2", "parser_version": "parser-v0.1.0", "type": "pdf", "probe": "magic", "sha256": "8f2f30ca19c42df256ef215502497c4515cf80c8007b79d908043ac87a843508", "expected_pages": 8, "actual_pages": 8, "assembly_status": "ok", "elapsed_ms": 6331.1, "timings": {"detect_ms": 0.0, "route_ms": 807.2, "scan_ms": 4.5, "plan_ms": 5.6, "run_ms": 5400.9, "assemble_ms": 112.2, "total_ms": 6331.1}, "blocks": 133, "tables": 1, "images": 3, "pages": 8, "ocr": null, "route": "docling", "dom_key": "dom/d-8f2f30ca19c42df2/dom-v0.1.0.docJSON", "raw_key": "raw/8f2f30ca19c42df256ef215502497c4515cf80c8007b79d908043ac87a843508.pdf"}
OK   PMC12259592.pdf              pdf        pages=8   blocks=133  tables=1   route=docling
      timings: detect_ms=0.0ms  route_ms=807.2ms  scan_ms=4.5ms  plan_ms=5.6ms  run_ms=5400.9ms  assemble_ms=112.2ms  total_ms=6331.1ms  total=6331.1ms
[event] {"event": "document.parsed.v1", "time": "1789325477.399", "document_id": "d-410c06ede77fb6c4", "parser_version": "parser-v0.1.0", "type": "pdf", "probe": "magic", "sha256": "410c06ede77fb6c4c9c3f72503815efe8ca1fa5bd31c9e508dfc860857eb38a2", "expected_pages": 8, "actual_pages": 8, "assembly_status": "ok", "elapsed_ms": 14835.1, "timings": {"detect_ms": 0.0, "route_ms": 1194.5, "scan_ms": 4.0, "plan_ms": 1.8, "run_ms": 13515.2, "assemble_ms": 119.0, "total_ms": 14835.1}, "blocks": 96, "tables": 3, "images": 4, "pages": 8, "ocr": null, "route": "docling", "dom_key": "dom/d-410c06ede77fb6c4/dom-v0.1.0.docJSON", "raw_key": "raw/410c06ede77fb6c4c9c3f72503815efe8ca1fa5bd31c9e508dfc860857eb38a2.pdf"}
OK   PMC12264332.pdf              pdf        pages=8   blocks=96   tables=3   route=docling
      timings: detect_ms=0.0ms  route_ms=1194.5ms  scan_ms=4.0ms  plan_ms=1.8ms  run_ms=13515.2ms  assemble_ms=119.0ms  total_ms=14835.1ms  total=14835.1ms
[event] {"event": "document.parsed.v1", "time": "1789325485.345", "document_id": "d-d4f7e042a40caba6", "parser_version": "parser-v0.1.0", "type": "pdf", "probe": "magic", "sha256": "d4f7e042a40caba6f80bc16cb984de032f8d62f211a72aa581d8d13f11c43fe4", "expected_pages": 6, "actual_pages": 6, "assembly_status": "ok", "elapsed_ms": 7943.2, "timings": {"detect_ms": 0.0, "route_ms": 547.2, "scan_ms": 4.3, "plan_ms": 2.2, "run_ms": 7257.2, "assemble_ms": 130.6, "total_ms": 7943.2}, "blocks": 97, "tables": 0, "images": 10, "pages": 6, "ocr": null, "route": "docling", "dom_key": "dom/d-d4f7e042a40caba6/dom-v0.1.0.docJSON", "raw_key": "raw/d4f7e042a40caba6f80bc16cb984de032f8d62f211a72aa581d8d13f11c43fe4.pdf"}
OK   PMC12276652.pdf              pdf        pages=6   blocks=97   tables=0   route=docling
      timings: detect_ms=0.0ms  route_ms=547.2ms  scan_ms=4.3ms  plan_ms=2.2ms  run_ms=7257.2ms  assemble_ms=130.6ms  total_ms=7943.2ms  total=7943.2ms
[event] {"event": "document.parsed.v1", "time": "1789325520.364", "document_id": "d-693c6b4bc369bf59", "parser_version": "parser-v0.1.0", "type": "pdf", "probe": "magic", "sha256": "693c6b4bc369bf5917130a209f286c50d5f1a99fe09c04dd858d8746afaf8244", "expected_pages": 19, "actual_pages": 19, "assembly_status": "ok", "elapsed_ms": 35008.3, "timings": {"detect_ms": 0.0, "route_ms": 2026.3, "scan_ms": 8.4, "plan_ms": 2.1, "run_ms": 32550.6, "assemble_ms": 416.9, "total_ms": 35008.3}, "blocks": 258, "tables": 2, "images": 29, "pages": 19, "ocr": null, "route": "docling", "dom_key": "dom/d-693c6b4bc369bf59/dom-v0.1.0.docJSON", "raw_key": "raw/693c6b4bc369bf5917130a209f286c50d5f1a99fe09c04dd858d8746afaf8244.pdf"}
OK   PMC12281215.pdf              pdf        pages=19  blocks=258  tables=2   route=docling
      timings: detect_ms=0.0ms  route_ms=2026.3ms  scan_ms=8.4ms  plan_ms=2.1ms  run_ms=32550.6ms  assemble_ms=416.9ms  total_ms=35008.3ms  total=35008.3ms
[event] {"event": "document.parsed.v1", "time": "1789325526.795", "document_id": "d-e3edf1fa73fa32f2", "parser_version": "parser-v0.1.0", "type": "pdf", "probe": "magic", "sha256": "e3edf1fa73fa32f2fa563015e58e4ccaab657a4ef0f217371ab8f412e5ec21a7", "expected_pages": 6, "actual_pages": 6, "assembly_status": "ok", "elapsed_ms": 6427.5, "timings": {"detect_ms": 0.0, "route_ms": 901.9, "scan_ms": 4.6, "plan_ms": 2.6, "run_ms": 5393.1, "assemble_ms": 123.5, "total_ms": 6427.5}, "blocks": 121, "tables": 0, "images": 6, "pages": 6, "ocr": null, "route": "docling", "dom_key": "dom/d-e3edf1fa73fa32f2/dom-v0.1.0.docJSON", "raw_key": "raw/e3edf1fa73fa32f2fa563015e58e4ccaab657a4ef0f217371ab8f412e5ec21a7.pdf"}
OK   PMC12281453.pdf              pdf        pages=6   blocks=121  tables=0   route=docling
      timings: detect_ms=0.0ms  route_ms=901.9ms  scan_ms=4.6ms  plan_ms=2.6ms  run_ms=5393.1ms  assemble_ms=123.5ms  total_ms=6427.5ms  total=6427.5ms
[event] {"event": "document.parsed.v1", "time": "1789325530.406", "document_id": "d-3f64173e37021388", "parser_version": "parser-v0.1.0", "type": "pdf", "probe": "magic", "sha256": "3f64173e370213883fe2294919cdcc00539f6fa55c8b0ba9cee0ce292631c8c6", "expected_pages": 16, "actual_pages": 16, "assembly_status": "ok", "elapsed_ms": 3605.6, "timings": {"detect_ms": 0.0, "route_ms": 947.6, "scan_ms": 7.0, "plan_ms": 2.1, "run_ms": 2543.6, "assemble_ms": 104.0, "total_ms": 3605.6}, "blocks": 213, "tables": 0, "images": 6, "pages": 16, "ocr": null, "route": "enrichment", "dom_key": "dom/d-3f64173e37021388/dom-v0.1.0.docJSON", "raw_key": "raw/3f64173e370213883fe2294919cdcc00539f6fa55c8b0ba9cee0ce292631c8c6.pdf"}
OK   PMC12303265.pdf              pdf        pages=16  blocks=213  tables=0   route=enrichment
      timings: detect_ms=0.0ms  route_ms=947.6ms  scan_ms=7.0ms  plan_ms=2.1ms  run_ms=2543.6ms  assemble_ms=104.0ms  total_ms=3605.6ms  total=3605.6ms
[33m[WARNING] 2026-09-14 00:22:21,365 [RapidOCR] main.py:132: The text detection result is empty[0m
RapidOCR returned empty result!
[33m[WARNING] 2026-09-14 00:22:22,107 [RapidOCR] main.py:132: The text detection result is empty[0m
RapidOCR returned empty result!
RapidOCR returned empty result!
[event] {"event": "document.parsed.v1", "time": "1789325552.120", "document_id": "d-401264e4cfd76ad3", "parser_version": "parser-v0.1.0", "type": "pdf", "probe": "magic", "sha256": "401264e4cfd76ad3d8f9f5ef0c2bcaaf6a1352a75bd564f8cc9aa5197762221e", "expected_pages": 11, "actual_pages": 11, "assembly_status": "ok", "elapsed_ms": 21706.4, "timings": {"detect_ms": 0.0, "route_ms": 2272.3, "scan_ms": 25.6, "plan_ms": 1.9, "run_ms": 19154.0, "assemble_ms": 249.6, "total_ms": 21706.4}, "blocks": 187, "tables": 1, "images": 21, "pages": 11, "ocr": null, "route": "docling", "dom_key": "dom/d-401264e4cfd76ad3/dom-v0.1.0.docJSON", "raw_key": "raw/401264e4cfd76ad3d8f9f5ef0c2bcaaf6a1352a75bd564f8cc9aa5197762221e.pdf"}
OK   PMC12304934.pdf              pdf        pages=11  blocks=187  tables=1   route=docling
      timings: detect_ms=0.0ms  route_ms=2272.3ms  scan_ms=25.6ms  plan_ms=1.9ms  run_ms=19154.0ms  assemble_ms=249.6ms  total_ms=21706.4ms  total=21706.4ms
[event] {"event": "document.parsed.v1", "time": "1789325556.812", "document_id": "d-699c1bdbc29519f2", "parser_version": "parser-v0.1.0", "type": "pdf", "probe": "magic", "sha256": "699c1bdbc29519f2fd5ff0090f758c84faadc4b37fcc9d367db1638392880f6f", "expected_pages": 12, "actual_pages": 12, "assembly_status": "ok", "elapsed_ms": 4679.7, "timings": {"detect_ms": 0.0, "route_ms": 1615.1, "scan_ms": 20.5, "plan_ms": 3.0, "run_ms": 2907.1, "assemble_ms": 131.3, "total_ms": 4679.7}, "blocks": 77, "tables": 0, "images": 7, "pages": 12, "ocr": null, "route": "enrichment", "dom_key": "dom/d-699c1bdbc29519f2/dom-v0.1.0.docJSON", "raw_key": "raw/699c1bdbc29519f2fd5ff0090f758c84faadc4b37fcc9d367db1638392880f6f.pdf"}
OK   PMC12309142.pdf              pdf        pages=12  blocks=77   tables=0   route=enrichment
      timings: detect_ms=0.0ms  route_ms=1615.1ms  scan_ms=20.5ms  plan_ms=3.0ms  run_ms=2907.1ms  assemble_ms=131.3ms  total_ms=4679.7ms  total=4679.7ms
[event] {"event": "document.parsed.v1", "time": "1789325565.235", "document_id": "d-74bc081b4d1ab9ec", "parser_version": "parser-v0.1.0", "type": "pdf", "probe": "magic", "sha256": "74bc081b4d1ab9ecd4cb897db784ff2f6e9e277c1e6fde45d5f53df2174a54fb", "expected_pages": 7, "actual_pages": 7, "assembly_status": "ok", "elapsed_ms": 8421.1, "timings": {"detect_ms": 0.0, "route_ms": 813.9, "scan_ms": 2.4, "plan_ms": 2.7, "run_ms": 7483.6, "assemble_ms": 117.9, "total_ms": 8421.1}, "blocks": 93, "tables": 2, "images": 5, "pages": 7, "ocr": null, "route": "docling", "dom_key": "dom/d-74bc081b4d1ab9ec/dom-v0.1.0.docJSON", "raw_key": "raw/74bc081b4d1ab9ecd4cb897db784ff2f6e9e277c1e6fde45d5f53df2174a54fb.pdf"}
OK   PMC12329354.pdf              pdf        pages=7   blocks=93   tables=2   route=docling
      timings: detect_ms=0.0ms  route_ms=813.9ms  scan_ms=2.4ms  plan_ms=2.7ms  run_ms=7483.6ms  assemble_ms=117.9ms  total_ms=8421.1ms  total=8421.1ms
[event] {"event": "document.parsed.v1", "time": "1789325568.448", "document_id": "d-89dc707c25d1a156", "parser_version": "parser-v0.1.0", "type": "pdf", "probe": "magic", "sha256": "89dc707c25d1a1560fbb613d857d8d7df995437fb6fdaa2c91413d0fcf641179", "expected_pages": 12, "actual_pages": 12, "assembly_status": "ok", "elapsed_ms": 3207.3, "timings": {"detect_ms": 0.0, "route_ms": 1088.1, "scan_ms": 7.8, "plan_ms": 2.4, "run_ms": 1940.2, "assemble_ms": 166.7, "total_ms": 3207.3}, "blocks": 146, "tables": 0, "images": 7, "pages": 12, "ocr": null, "route": "enrichment", "dom_key": "dom/d-89dc707c25d1a156/dom-v0.1.0.docJSON", "raw_key": "raw/89dc707c25d1a1560fbb613d857d8d7df995437fb6fdaa2c91413d0fcf641179.pdf"}
OK   PMC12332991.pdf              pdf        pages=12  blocks=146  tables=0   route=enrichment
      timings: detect_ms=0.0ms  route_ms=1088.1ms  scan_ms=7.8ms  plan_ms=2.4ms  run_ms=1940.2ms  assemble_ms=166.7ms  total_ms=3207.3ms  total=3207.3ms
[event] {"event": "document.parsed.v1", "time": "1789325577.998", "document_id": "d-20eec822e1be93ce", "parser_version": "parser-v0.1.0", "type": "pdf", "probe": "magic", "sha256": "20eec822e1be93ce19d2953292d2076c22a00f63f0ddcc5f8d9ccf35489a23ae", "expected_pages": 8, "actual_pages": 8, "assembly_status": "ok", "elapsed_ms": 9547.2, "timings": {"detect_ms": 0.0, "route_ms": 691.1, "scan_ms": 4.2, "plan_ms": 2.1, "run_ms": 8703.2, "assemble_ms": 145.7, "total_ms": 9547.2}, "blocks": 111, "tables": 3, "images": 11, "pages": 8, "ocr": null, "route": "docling", "dom_key": "dom/d-20eec822e1be93ce/dom-v0.1.0.docJSON", "raw_key": "raw/20eec822e1be93ce19d2953292d2076c22a00f63f0ddcc5f8d9ccf35489a23ae.pdf"}
OK   PMC12333238.pdf              pdf        pages=8   blocks=111  tables=3   route=docling
      timings: detect_ms=0.0ms  route_ms=691.1ms  scan_ms=4.2ms  plan_ms=2.1ms  run_ms=8703.2ms  assemble_ms=145.7ms  total_ms=9547.2ms  total=9547.2ms
[event] {"event": "document.parsed.v1", "time": "1789325578.925", "document_id": "d-f61db2c4ed4bda19", "parser_version": "parser-v0.1.0", "type": "pdf", "probe": "magic", "sha256": "f61db2c4ed4bda19b95780855099ee6e7e0ae24acb70767138bace67f85e4fb7", "expected_pages": 2, "actual_pages": 2, "assembly_status": "ok", "elapsed_ms": 924.4, "timings": {"detect_ms": 0.0, "route_ms": 144.8, "scan_ms": 3.0, "plan_ms": 3.2, "run_ms": 741.8, "assemble_ms": 31.2, "total_ms": 924.4}, "blocks": 9, "tables": 0, "images": 0, "pages": 2, "ocr": null, "route": "docling", "dom_key": "dom/d-f61db2c4ed4bda19/dom-v0.1.0.docJSON", "raw_key": "raw/f61db2c4ed4bda19b95780855099ee6e7e0ae24acb70767138bace67f85e4fb7.pdf"}
OK   PMC12359599.pdf              pdf        pages=2   blocks=9    tables=0   route=docling
      timings: detect_ms=0.0ms  route_ms=144.8ms  scan_ms=3.0ms  plan_ms=3.2ms  run_ms=741.8ms  assemble_ms=31.2ms  total_ms=924.4ms  total=924.4ms
[event] {"event": "document.parsed.v1", "time": "1789325585.379", "document_id": "d-a95312fd0661250f", "parser_version": "parser-v0.1.0", "type": "pdf", "probe": "magic", "sha256": "a95312fd0661250fa854817190a520a4f124ae95724d7b7341ab67c61758834c", "expected_pages": 5, "actual_pages": 5, "assembly_status": "ok", "elapsed_ms": 6452.0, "timings": {"detect_ms": 0.0, "route_ms": 699.7, "scan_ms": 2.8, "plan_ms": 15.6, "run_ms": 5604.3, "assemble_ms": 129.0, "total_ms": 6452.0}, "blocks": 75, "tables": 0, "images": 7, "pages": 5, "ocr": null, "route": "docling", "dom_key": "dom/d-a95312fd0661250f/dom-v0.1.0.docJSON", "raw_key": "raw/a95312fd0661250fa854817190a520a4f124ae95724d7b7341ab67c61758834c.pdf"}
OK   PMC12378150.pdf              pdf        pages=5   blocks=75   tables=0   route=docling
      timings: detect_ms=0.0ms  route_ms=699.7ms  scan_ms=2.8ms  plan_ms=15.6ms  run_ms=5604.3ms  assemble_ms=129.0ms  total_ms=6452.0ms  total=6452.0ms

parsed 100/100 documents -> store under C:\Users\Asus\Downloads\projects\22_07\checkpoints\run\run-2026-09-13-postfix-benchmark\parsed-bB
[parse_folder] input : C:\Users\Asus\Downloads\projects\22_07\checkpoints\run\run-2026-09-04-parser-reliability\sources\pdf
[parse_folder] output: C:\Users\Asus\Downloads\projects\22_07\checkpoints\run\run-2026-09-13-postfix-benchmark\parsed-bB
[parse_folder] launching parser...


[bench] postfixB complete: ok=100 failed=0 dead=0 unparsed=0 wall=1613.4s avg_doc=16.05s peak_tree=4476MB peak_worker=4464MB
[bench] full report written to: checkpoints\run\run-2026-09-13-postfix-benchmark\reports\benchmark-postfixB.md
