[bench] batch=postfixA parsing 100 files from checkpoints\run\run-2026-09-04-parser-reliability\sources\pdf
[32m[INFO] 2026-09-13 23:06:01,674 [RapidOCR] base.py:23: Using engine_name: onnxruntime[0m
[32m[INFO] 2026-09-13 23:06:01,791 [RapidOCR] download_file.py:60: File exists and is valid: C:\Users\Asus\Downloads\projects\22_07\.venv\Lib\site-packages\rapidocr\models\PP-OCRv6_det_small.onnx[0m
[32m[INFO] 2026-09-13 23:06:01,792 [RapidOCR] main.py:63: Using C:\Users\Asus\Downloads\projects\22_07\.venv\Lib\site-packages\rapidocr\models\PP-OCRv6_det_small.onnx[0m
[32m[INFO] 2026-09-13 23:06:01,871 [RapidOCR] base.py:23: Using engine_name: onnxruntime[0m
[32m[INFO] 2026-09-13 23:06:01,873 [RapidOCR] download_file.py:60: File exists and is valid: C:\Users\Asus\Downloads\projects\22_07\.venv\Lib\site-packages\rapidocr\models\ch_ppocr_mobile_v2.0_cls_mobile.onnx[0m
[32m[INFO] 2026-09-13 23:06:01,873 [RapidOCR] main.py:63: Using C:\Users\Asus\Downloads\projects\22_07\.venv\Lib\site-packages\rapidocr\models\ch_ppocr_mobile_v2.0_cls_mobile.onnx[0m
[32m[INFO] 2026-09-13 23:06:01,939 [RapidOCR] base.py:23: Using engine_name: onnxruntime[0m
[32m[INFO] 2026-09-13 23:06:01,956 [RapidOCR] download_file.py:60: File exists and is valid: C:\Users\Asus\Downloads\projects\22_07\.venv\Lib\site-packages\rapidocr\models\PP-OCRv6_rec_small.onnx[0m
[32m[INFO] 2026-09-13 23:06:01,956 [RapidOCR] main.py:63: Using C:\Users\Asus\Downloads\projects\22_07\.venv\Lib\site-packages\rapidocr\models\PP-OCRv6_rec_small.onnx[0m
[transformers] `torch_dtype` is deprecated! Use `dtype` instead!
Consider using the pymupdf_layout package for a greatly improved page layout analysis.

Loading weights:   0%|          | 0/770 [00:00<?, ?it/s]
Loading weights:  83%|########3 | 640/770 [00:00<00:00, 6397.50it/s]
Loading weights: 100%|##########| 770/770 [00:00<00:00, 6404.60it/s]
[event] {"event": "document.parsed.v1", "time": "1789320996.614", "document_id": "d-ca3ae67cd3fdd991", "parser_version": "parser-v0.1.0", "type": "pdf", "probe": "magic", "sha256": "ca3ae67cd3fdd9914a42dfff4bf7cffec11f32eefbf52b4c12d3e3aefdc2a079", "expected_pages": 17, "actual_pages": 17, "assembly_status": "ok", "elapsed_ms": 46897.2, "timings": {"detect_ms": 0.0, "route_ms": 896.4, "scan_ms": 5.9, "plan_ms": 10450.3, "run_ms": 35319.6, "assemble_ms": 223.5, "total_ms": 46897.2}, "blocks": 240, "tables": 7, "images": 5, "pages": 17, "ocr": null, "route": "docling", "dom_key": "dom/d-ca3ae67cd3fdd991/dom-v0.1.0.docJSON", "raw_key": "raw/ca3ae67cd3fdd9914a42dfff4bf7cffec11f32eefbf52b4c12d3e3aefdc2a079.pdf"}
OK   PMC10088797.pdf              pdf        pages=17  blocks=240  tables=7   route=docling
      timings: detect_ms=0.0ms  route_ms=896.4ms  scan_ms=5.9ms  plan_ms=10450.3ms  run_ms=35319.6ms  assemble_ms=223.5ms  total_ms=46897.2ms  total=46897.2ms
[33m[WARNING] 2026-09-13 23:06:38,781 [RapidOCR] main.py:132: The text detection result is empty[0m
RapidOCR returned empty result!
[event] {"event": "document.parsed.v1", "time": "1789321024.240", "document_id": "d-eaad2fc787ff9f17", "parser_version": "parser-v0.1.0", "type": "pdf", "probe": "magic", "sha256": "eaad2fc787ff9f170b3ce5fe78d3f538b1945b8ed43fd37e7642df087866e3d8", "expected_pages": 23, "actual_pages": 23, "assembly_status": "ok", "elapsed_ms": 27621.4, "timings": {"detect_ms": 0.0, "route_ms": 1096.7, "scan_ms": 7.4, "plan_ms": 2.3, "run_ms": 26287.5, "assemble_ms": 226.2, "total_ms": 27621.4}, "blocks": 211, "tables": 7, "images": 9, "pages": 23, "ocr": null, "route": "docling", "dom_key": "dom/d-eaad2fc787ff9f17/dom-v0.1.0.docJSON", "raw_key": "raw/eaad2fc787ff9f170b3ce5fe78d3f538b1945b8ed43fd37e7642df087866e3d8.pdf"}
OK   PMC10121009.pdf              pdf        pages=23  blocks=211  tables=7   route=docling
      timings: detect_ms=0.0ms  route_ms=1096.7ms  scan_ms=7.4ms  plan_ms=2.3ms  run_ms=26287.5ms  assemble_ms=226.2ms  total_ms=27621.4ms  total=27621.4ms
[event] {"event": "document.parsed.v1", "time": "1789321032.592", "document_id": "d-83e5f0b56b672e72", "parser_version": "parser-v0.1.0", "type": "pdf", "probe": "magic", "sha256": "83e5f0b56b672e72e65533340c291ef682373b8407687a46bdc2402bb06b57bf", "expected_pages": 8, "actual_pages": 8, "assembly_status": "ok", "elapsed_ms": 8349.7, "timings": {"detect_ms": 0.0, "route_ms": 909.9, "scan_ms": 3.6, "plan_ms": 2.1, "run_ms": 7316.2, "assemble_ms": 117.3, "total_ms": 8349.7}, "blocks": 105, "tables": 3, "images": 10, "pages": 8, "ocr": null, "route": "docling", "dom_key": "dom/d-83e5f0b56b672e72/dom-v0.1.0.docJSON", "raw_key": "raw/83e5f0b56b672e72e65533340c291ef682373b8407687a46bdc2402bb06b57bf.pdf"}
OK   PMC10133056.pdf              pdf        pages=8   blocks=105  tables=3   route=docling
      timings: detect_ms=0.0ms  route_ms=909.9ms  scan_ms=3.6ms  plan_ms=2.1ms  run_ms=7316.2ms  assemble_ms=117.3ms  total_ms=8349.7ms  total=8349.7ms
[event] {"event": "document.parsed.v1", "time": "1789321111.533", "document_id": "d-9371c65b21cc6df0", "parser_version": "parser-v0.1.0", "type": "pdf", "probe": "magic", "sha256": "9371c65b21cc6df0e89afd734f58bbbfa84e45e198ee01e7f4ee041ff8172a7a", "expected_pages": 32, "actual_pages": 32, "assembly_status": "ok", "elapsed_ms": 78932.6, "timings": {"detect_ms": 0.0, "route_ms": 1289.5, "scan_ms": 11.6, "plan_ms": 2.3, "run_ms": 77393.8, "assemble_ms": 233.0, "total_ms": 78932.6}, "blocks": 260, "tables": 16, "images": 5, "pages": 32, "ocr": null, "route": "docling", "dom_key": "dom/d-9371c65b21cc6df0/dom-v0.1.0.docJSON", "raw_key": "raw/9371c65b21cc6df0e89afd734f58bbbfa84e45e198ee01e7f4ee041ff8172a7a.pdf"}
OK   PMC10174557.pdf              pdf        pages=32  blocks=260  tables=16  route=docling
      timings: detect_ms=0.0ms  route_ms=1289.5ms  scan_ms=11.6ms  plan_ms=2.3ms  run_ms=77393.8ms  assemble_ms=233.0ms  total_ms=78932.6ms  total=78932.6ms
[event] {"event": "document.parsed.v1", "time": "1789321123.424", "document_id": "d-d59188a968a04c06", "parser_version": "parser-v0.1.0", "type": "pdf", "probe": "magic", "sha256": "d59188a968a04c06cad39a54c19338e6c74f673e2b0e573e8f6b6afcaf137824", "expected_pages": 17, "actual_pages": 17, "assembly_status": "ok", "elapsed_ms": 11886.0, "timings": {"detect_ms": 0.0, "route_ms": 920.5, "scan_ms": 19.8, "plan_ms": 2.5, "run_ms": 10723.1, "assemble_ms": 219.2, "total_ms": 11886.0}, "blocks": 322, "tables": 1, "images": 3, "pages": 17, "ocr": null, "route": "docling", "dom_key": "dom/d-d59188a968a04c06/dom-v0.1.0.docJSON", "raw_key": "raw/d59188a968a04c06cad39a54c19338e6c74f673e2b0e573e8f6b6afcaf137824.pdf"}
OK   PMC10288765.pdf              pdf        pages=17  blocks=322  tables=1   route=docling
      timings: detect_ms=0.0ms  route_ms=920.5ms  scan_ms=19.8ms  plan_ms=2.5ms  run_ms=10723.1ms  assemble_ms=219.2ms  total_ms=11886.0ms  total=11886.0ms
[event] {"event": "document.parsed.v1", "time": "1789321131.712", "document_id": "d-b9647024f7fdf337", "parser_version": "parser-v0.1.0", "type": "pdf", "probe": "magic", "sha256": "b9647024f7fdf3378cf0e5130b05bd731b97926b544acc7b5ee399f6b305a033", "expected_pages": 8, "actual_pages": 8, "assembly_status": "ok", "elapsed_ms": 8283.6, "timings": {"detect_ms": 0.0, "route_ms": 1000.6, "scan_ms": 3.6, "plan_ms": 2.4, "run_ms": 7228.1, "assemble_ms": 48.5, "total_ms": 8283.6}, "blocks": 124, "tables": 5, "images": 1, "pages": 8, "ocr": null, "route": "docling", "dom_key": "dom/d-b9647024f7fdf337/dom-v0.1.0.docJSON", "raw_key": "raw/b9647024f7fdf3378cf0e5130b05bd731b97926b544acc7b5ee399f6b305a033.pdf"}
OK   PMC10378196.pdf              pdf        pages=8   blocks=124  tables=5   route=docling
      timings: detect_ms=0.0ms  route_ms=1000.6ms  scan_ms=3.6ms  plan_ms=2.4ms  run_ms=7228.1ms  assemble_ms=48.5ms  total_ms=8283.6ms  total=8283.6ms
[33m[WARNING] 2026-09-13 23:08:53,517 [RapidOCR] main.py:132: The text detection result is empty[0m
RapidOCR returned empty result!
[event] {"event": "document.parsed.v1", "time": "1789321160.315", "document_id": "d-23f78e50b18b5820", "parser_version": "parser-v0.1.0", "type": "pdf", "probe": "magic", "sha256": "23f78e50b18b58207a5be3cce72851516a3d4a53d7d16473bc33f3c611bf47d9", "expected_pages": 15, "actual_pages": 15, "assembly_status": "ok", "elapsed_ms": 28599.0, "timings": {"detect_ms": 0.0, "route_ms": 958.1, "scan_ms": 16.0, "plan_ms": 2.1, "run_ms": 27453.7, "assemble_ms": 167.9, "total_ms": 28599.0}, "blocks": 167, "tables": 3, "images": 7, "pages": 15, "ocr": null, "route": "docling", "dom_key": "dom/d-23f78e50b18b5820/dom-v0.1.0.docJSON", "raw_key": "raw/23f78e50b18b58207a5be3cce72851516a3d4a53d7d16473bc33f3c611bf47d9.pdf"}
OK   PMC10513332.pdf              pdf        pages=15  blocks=167  tables=3   route=docling
      timings: detect_ms=0.0ms  route_ms=958.1ms  scan_ms=16.0ms  plan_ms=2.1ms  run_ms=27453.7ms  assemble_ms=167.9ms  total_ms=28599.0ms  total=28599.0ms
[event] {"event": "document.parsed.v1", "time": "1789321180.280", "document_id": "d-5ef5da2d434bd2c6", "parser_version": "parser-v0.1.0", "type": "pdf", "probe": "magic", "sha256": "5ef5da2d434bd2c6f3e99a97a4f707c73c0985ee82919334974bdfa87cdbd978", "expected_pages": 22, "actual_pages": 22, "assembly_status": "ok", "elapsed_ms": 19961.7, "timings": {"detect_ms": 0.0, "route_ms": 873.8, "scan_ms": 12.0, "plan_ms": 3.1, "run_ms": 18669.5, "assemble_ms": 401.9, "total_ms": 19961.7}, "blocks": 312, "tables": 6, "images": 21, "pages": 22, "ocr": null, "route": "docling", "dom_key": "dom/d-5ef5da2d434bd2c6/dom-v0.1.0.docJSON", "raw_key": "raw/5ef5da2d434bd2c6f3e99a97a4f707c73c0985ee82919334974bdfa87cdbd978.pdf"}
OK   PMC10514117.pdf              pdf        pages=22  blocks=312  tables=6   route=docling
      timings: detect_ms=0.0ms  route_ms=873.8ms  scan_ms=12.0ms  plan_ms=3.1ms  run_ms=18669.5ms  assemble_ms=401.9ms  total_ms=19961.7ms  total=19961.7ms
[event] {"event": "document.parsed.v1", "time": "1789321201.707", "document_id": "d-8b19694041452d8d", "parser_version": "parser-v0.1.0", "type": "pdf", "probe": "magic", "sha256": "8b19694041452d8d3abcbf974230925a89e825ea742cbffbb0e330762d7b2bc8", "expected_pages": 13, "actual_pages": 13, "assembly_status": "ok", "elapsed_ms": 21424.1, "timings": {"detect_ms": 0.0, "route_ms": 1193.9, "scan_ms": 18.6, "plan_ms": 2.0, "run_ms": 20022.7, "assemble_ms": 186.4, "total_ms": 21424.1}, "blocks": 229, "tables": 6, "images": 2, "pages": 13, "ocr": null, "route": "docling", "dom_key": "dom/d-8b19694041452d8d/dom-v0.1.0.docJSON", "raw_key": "raw/8b19694041452d8d3abcbf974230925a89e825ea742cbffbb0e330762d7b2bc8.pdf"}
OK   PMC10597714.pdf              pdf        pages=13  blocks=229  tables=6   route=docling
      timings: detect_ms=0.0ms  route_ms=1193.9ms  scan_ms=18.6ms  plan_ms=2.0ms  run_ms=20022.7ms  assemble_ms=186.4ms  total_ms=21424.1ms  total=21424.1ms
[event] {"event": "document.parsed.v1", "time": "1789321229.338", "document_id": "d-c87334e84fd1634b", "parser_version": "parser-v0.1.0", "type": "pdf", "probe": "magic", "sha256": "c87334e84fd1634b1276fffc079e54b561d62230cbf8d79c456281349251b0d1", "expected_pages": 28, "actual_pages": 28, "assembly_status": "ok", "elapsed_ms": 27626.9, "timings": {"detect_ms": 0.0, "route_ms": 906.3, "scan_ms": 22.6, "plan_ms": 2.2, "run_ms": 26500.4, "assemble_ms": 194.4, "total_ms": 27626.9}, "blocks": 230, "tables": 10, "images": 4, "pages": 28, "ocr": null, "route": "docling", "dom_key": "dom/d-c87334e84fd1634b/dom-v0.1.0.docJSON", "raw_key": "raw/c87334e84fd1634b1276fffc079e54b561d62230cbf8d79c456281349251b0d1.pdf"}
OK   PMC10653537.pdf              pdf        pages=28  blocks=230  tables=10  route=docling
      timings: detect_ms=0.0ms  route_ms=906.3ms  scan_ms=22.6ms  plan_ms=2.2ms  run_ms=26500.4ms  assemble_ms=194.4ms  total_ms=27626.9ms  total=27626.9ms
[event] {"event": "document.parsed.v1", "time": "1789321266.424", "document_id": "d-1dd4ba22698803ad", "parser_version": "parser-v0.1.0", "type": "pdf", "probe": "magic", "sha256": "1dd4ba22698803adbe8ca63b26c9f0484762a74113c384e689629d3a2762b0ce", "expected_pages": 19, "actual_pages": 19, "assembly_status": "ok", "elapsed_ms": 37080.1, "timings": {"detect_ms": 0.0, "route_ms": 913.0, "scan_ms": 8.3, "plan_ms": 2.5, "run_ms": 35929.3, "assemble_ms": 225.2, "total_ms": 37080.1}, "blocks": 225, "tables": 6, "images": 10, "pages": 19, "ocr": null, "route": "docling", "dom_key": "dom/d-1dd4ba22698803ad/dom-v0.1.0.docJSON", "raw_key": "raw/1dd4ba22698803adbe8ca63b26c9f0484762a74113c384e689629d3a2762b0ce.pdf"}
OK   PMC10686459.pdf              pdf        pages=19  blocks=225  tables=6   route=docling
      timings: detect_ms=0.0ms  route_ms=913.0ms  scan_ms=8.3ms  plan_ms=2.5ms  run_ms=35929.3ms  assemble_ms=225.2ms  total_ms=37080.1ms  total=37080.1ms
[event] {"event": "document.parsed.v1", "time": "1789321293.922", "document_id": "d-67b67904506a49ef", "parser_version": "parser-v0.1.0", "type": "pdf", "probe": "magic", "sha256": "67b67904506a49ef4603ce8c651daf509cd7b0ace266e288a1dc36e2931952d5", "expected_pages": 21, "actual_pages": 21, "assembly_status": "ok", "elapsed_ms": 27494.0, "timings": {"detect_ms": 0.0, "route_ms": 889.6, "scan_ms": 8.0, "plan_ms": 2.3, "run_ms": 26392.1, "assemble_ms": 201.0, "total_ms": 27494.0}, "blocks": 202, "tables": 6, "images": 8, "pages": 21, "ocr": null, "route": "docling", "dom_key": "dom/d-67b67904506a49ef/dom-v0.1.0.docJSON", "raw_key": "raw/67b67904506a49ef4603ce8c651daf509cd7b0ace266e288a1dc36e2931952d5.pdf"}
OK   PMC10688732.pdf              pdf        pages=21  blocks=202  tables=6   route=docling
      timings: detect_ms=0.0ms  route_ms=889.6ms  scan_ms=8.0ms  plan_ms=2.3ms  run_ms=26392.1ms  assemble_ms=201.0ms  total_ms=27494.0ms  total=27494.0ms
[33m[WARNING] 2026-09-13 23:11:35,729 [RapidOCR] main.py:132: The text detection result is empty[0m
RapidOCR returned empty result!
[event] {"event": "document.parsed.v1", "time": "1789321323.339", "document_id": "d-edc8eac20e182fb0", "parser_version": "parser-v0.1.0", "type": "pdf", "probe": "magic", "sha256": "edc8eac20e182fb04699114346b4d78d651f8eb784a434b5bd332223decf6cb0", "expected_pages": 14, "actual_pages": 14, "assembly_status": "ok", "elapsed_ms": 29408.5, "timings": {"detect_ms": 0.0, "route_ms": 882.2, "scan_ms": 5.2, "plan_ms": 2.4, "run_ms": 28318.2, "assemble_ms": 199.0, "total_ms": 29408.5}, "blocks": 122, "tables": 2, "images": 10, "pages": 14, "ocr": null, "route": "docling", "dom_key": "dom/d-edc8eac20e182fb0/dom-v0.1.0.docJSON", "raw_key": "raw/edc8eac20e182fb04699114346b4d78d651f8eb784a434b5bd332223decf6cb0.pdf"}
OK   PMC10699593.pdf              pdf        pages=14  blocks=122  tables=2   route=docling
      timings: detect_ms=0.0ms  route_ms=882.2ms  scan_ms=5.2ms  plan_ms=2.4ms  run_ms=28318.2ms  assemble_ms=199.0ms  total_ms=29408.5ms  total=29408.5ms
[event] {"event": "document.parsed.v1", "time": "1789321339.754", "document_id": "d-1c58074f4097e1e0", "parser_version": "parser-v0.1.0", "type": "pdf", "probe": "magic", "sha256": "1c58074f4097e1e0ff11bdd7491417b7dc108482bad689787b52497a296ffeca", "expected_pages": 12, "actual_pages": 12, "assembly_status": "ok", "elapsed_ms": 16410.6, "timings": {"detect_ms": 0.0, "route_ms": 936.6, "scan_ms": 6.2, "plan_ms": 2.8, "run_ms": 15321.9, "assemble_ms": 142.5, "total_ms": 16410.6}, "blocks": 166, "tables": 1, "images": 6, "pages": 12, "ocr": null, "route": "docling", "dom_key": "dom/d-1c58074f4097e1e0/dom-v0.1.0.docJSON", "raw_key": "raw/1c58074f4097e1e0ff11bdd7491417b7dc108482bad689787b52497a296ffeca.pdf"}
OK   PMC10703285.pdf              pdf        pages=12  blocks=166  tables=1   route=docling
      timings: detect_ms=0.0ms  route_ms=936.6ms  scan_ms=6.2ms  plan_ms=2.8ms  run_ms=15321.9ms  assemble_ms=142.5ms  total_ms=16410.6ms  total=16410.6ms
[event] {"event": "document.parsed.v1", "time": "1789321354.628", "document_id": "d-39692571cc13c50e", "parser_version": "parser-v0.1.0", "type": "pdf", "probe": "magic", "sha256": "39692571cc13c50e0bd7d4735894a0807fcd8f8ff8df5b2b62c7e6f324e00cb7", "expected_pages": 13, "actual_pages": 13, "assembly_status": "ok", "elapsed_ms": 14871.3, "timings": {"detect_ms": 0.0, "route_ms": 836.1, "scan_ms": 4.4, "plan_ms": 2.2, "run_ms": 13846.8, "assemble_ms": 181.3, "total_ms": 14871.3}, "blocks": 135, "tables": 2, "images": 4, "pages": 13, "ocr": null, "route": "docling", "dom_key": "dom/d-39692571cc13c50e/dom-v0.1.0.docJSON", "raw_key": "raw/39692571cc13c50e0bd7d4735894a0807fcd8f8ff8df5b2b62c7e6f324e00cb7.pdf"}
OK   PMC10757532.pdf              pdf        pages=13  blocks=135  tables=2   route=docling
      timings: detect_ms=0.0ms  route_ms=836.1ms  scan_ms=4.4ms  plan_ms=2.2ms  run_ms=13846.8ms  assemble_ms=181.3ms  total_ms=14871.3ms  total=14871.3ms
[33m[WARNING] 2026-09-13 23:12:36,476 [RapidOCR] main.py:132: The text detection result is empty[0m
RapidOCR returned empty result!
[event] {"event": "document.parsed.v1", "time": "1789321373.408", "document_id": "d-f22810db0cd0c31e", "parser_version": "parser-v0.1.0", "type": "pdf", "probe": "magic", "sha256": "f22810db0cd0c31e09f127e3a6c686ecbfb4163b5f4769e634bb94c4e48543fa", "expected_pages": 11, "actual_pages": 11, "assembly_status": "ok", "elapsed_ms": 18774.9, "timings": {"detect_ms": 0.0, "route_ms": 902.3, "scan_ms": 6.2, "plan_ms": 2.9, "run_ms": 17713.6, "assemble_ms": 148.8, "total_ms": 18774.9}, "blocks": 132, "tables": 2, "images": 5, "pages": 11, "ocr": null, "route": "docling", "dom_key": "dom/d-f22810db0cd0c31e/dom-v0.1.0.docJSON", "raw_key": "raw/f22810db0cd0c31e09f127e3a6c686ecbfb4163b5f4769e634bb94c4e48543fa.pdf"}
OK   PMC10852259.pdf              pdf        pages=11  blocks=132  tables=2   route=docling
      timings: detect_ms=0.0ms  route_ms=902.3ms  scan_ms=6.2ms  plan_ms=2.9ms  run_ms=17713.6ms  assemble_ms=148.8ms  total_ms=18774.9ms  total=18774.9ms
[event] {"event": "document.parsed.v1", "time": "1789321394.852", "document_id": "d-97a97bbfd8c7943c", "parser_version": "parser-v0.1.0", "type": "pdf", "probe": "magic", "sha256": "97a97bbfd8c7943cfc8d7d0642ac4ead7b2c9548e7ed2d64d329bfd47525facd", "expected_pages": 20, "actual_pages": 20, "assembly_status": "ok", "elapsed_ms": 21440.6, "timings": {"detect_ms": 0.0, "route_ms": 1148.1, "scan_ms": 22.0, "plan_ms": 2.4, "run_ms": 20002.5, "assemble_ms": 265.0, "total_ms": 21440.6}, "blocks": 318, "tables": 9, "images": 2, "pages": 20, "ocr": null, "route": "docling", "dom_key": "dom/d-97a97bbfd8c7943c/dom-v0.1.0.docJSON", "raw_key": "raw/97a97bbfd8c7943cfc8d7d0642ac4ead7b2c9548e7ed2d64d329bfd47525facd.pdf"}
OK   PMC10867419.pdf              pdf        pages=20  blocks=318  tables=9   route=docling
      timings: detect_ms=0.0ms  route_ms=1148.1ms  scan_ms=22.0ms  plan_ms=2.4ms  run_ms=20002.5ms  assemble_ms=265.0ms  total_ms=21440.6ms  total=21440.6ms
[event] {"event": "document.parsed.v1", "time": "1789321407.323", "document_id": "d-42ace94c476add41", "parser_version": "parser-v0.1.0", "type": "pdf", "probe": "magic", "sha256": "42ace94c476add41d4aaef0ec879638f04632bb5157e3101c41b7336ee1b680d", "expected_pages": 12, "actual_pages": 12, "assembly_status": "ok", "elapsed_ms": 12467.8, "timings": {"detect_ms": 0.0, "route_ms": 1019.9, "scan_ms": 16.1, "plan_ms": 2.1, "run_ms": 11195.3, "assemble_ms": 233.8, "total_ms": 12467.8}, "blocks": 195, "tables": 4, "images": 11, "pages": 12, "ocr": null, "route": "docling", "dom_key": "dom/d-42ace94c476add41/dom-v0.1.0.docJSON", "raw_key": "raw/42ace94c476add41d4aaef0ec879638f04632bb5157e3101c41b7336ee1b680d.pdf"}
OK   PMC10901660.pdf              pdf        pages=12  blocks=195  tables=4   route=docling
      timings: detect_ms=0.0ms  route_ms=1019.9ms  scan_ms=16.1ms  plan_ms=2.1ms  run_ms=11195.3ms  assemble_ms=233.8ms  total_ms=12467.8ms  total=12467.8ms
[event] {"event": "document.parsed.v1", "time": "1789321419.540", "document_id": "d-1f87d163a952ab7b", "parser_version": "parser-v0.1.0", "type": "pdf", "probe": "magic", "sha256": "1f87d163a952ab7b8e9701addc24afe9be29580fc1f5d4194411f3a437ddf432", "expected_pages": 15, "actual_pages": 15, "assembly_status": "ok", "elapsed_ms": 12213.0, "timings": {"detect_ms": 0.0, "route_ms": 777.5, "scan_ms": 5.4, "plan_ms": 1.9, "run_ms": 11276.5, "assemble_ms": 151.1, "total_ms": 12213.0}, "blocks": 175, "tables": 4, "images": 5, "pages": 15, "ocr": null, "route": "docling", "dom_key": "dom/d-1f87d163a952ab7b/dom-v0.1.0.docJSON", "raw_key": "raw/1f87d163a952ab7b8e9701addc24afe9be29580fc1f5d4194411f3a437ddf432.pdf"}
OK   PMC10956831.pdf              pdf        pages=15  blocks=175  tables=4   route=docling
      timings: detect_ms=0.0ms  route_ms=777.5ms  scan_ms=5.4ms  plan_ms=1.9ms  run_ms=11276.5ms  assemble_ms=151.1ms  total_ms=12213.0ms  total=12213.0ms
RapidOCR returned empty result!
[33m[WARNING] 2026-09-13 23:13:43,009 [RapidOCR] main.py:132: The text detection result is empty[0m
RapidOCR returned empty result!
RapidOCR returned empty result!
RapidOCR returned empty result!
[event] {"event": "document.parsed.v1", "time": "1789321433.154", "document_id": "d-1514c1c1f8a299c8", "parser_version": "parser-v0.1.0", "type": "pdf", "probe": "magic", "sha256": "1514c1c1f8a299c8943903f2807c5de0a50b9eaf015c4161fe9a863b6f230241", "expected_pages": 13, "actual_pages": 13, "assembly_status": "ok", "elapsed_ms": 13612.1, "timings": {"detect_ms": 0.0, "route_ms": 1186.5, "scan_ms": 3.4, "plan_ms": 3.1, "run_ms": 12218.0, "assemble_ms": 200.6, "total_ms": 13612.1}, "blocks": 158, "tables": 3, "images": 4, "pages": 13, "ocr": null, "route": "docling", "dom_key": "dom/d-1514c1c1f8a299c8/dom-v0.1.0.docJSON", "raw_key": "raw/1514c1c1f8a299c8943903f2807c5de0a50b9eaf015c4161fe9a863b6f230241.pdf"}
OK   PMC10987303.pdf              pdf        pages=13  blocks=158  tables=3   route=docling
      timings: detect_ms=0.0ms  route_ms=1186.5ms  scan_ms=3.4ms  plan_ms=3.1ms  run_ms=12218.0ms  assemble_ms=200.6ms  total_ms=13612.1ms  total=13612.1ms
[33m[WARNING] 2026-09-13 23:13:55,982 [RapidOCR] main.py:132: The text detection result is empty[0m
RapidOCR returned empty result!
[event] {"event": "document.parsed.v1", "time": "1789321460.888", "document_id": "d-c882092ab8c4a780", "parser_version": "parser-v0.1.0", "type": "pdf", "probe": "magic", "sha256": "c882092ab8c4a780efbf296da3eba164a2d4e6ba6f1bb854ce67338997d4576a", "expected_pages": 22, "actual_pages": 22, "assembly_status": "ok", "elapsed_ms": 27726.2, "timings": {"detect_ms": 0.0, "route_ms": 1766.0, "scan_ms": 8.6, "plan_ms": 15.8, "run_ms": 25637.2, "assemble_ms": 295.8, "total_ms": 27726.2}, "blocks": 265, "tables": 3, "images": 11, "pages": 22, "ocr": null, "route": "docling", "dom_key": "dom/d-c882092ab8c4a780/dom-v0.1.0.docJSON", "raw_key": "raw/c882092ab8c4a780efbf296da3eba164a2d4e6ba6f1bb854ce67338997d4576a.pdf"}
OK   PMC11020767.pdf              pdf        pages=22  blocks=265  tables=3   route=docling
      timings: detect_ms=0.0ms  route_ms=1766.0ms  scan_ms=8.6ms  plan_ms=15.8ms  run_ms=25637.2ms  assemble_ms=295.8ms  total_ms=27726.2ms  total=27726.2ms
[event] {"event": "document.parsed.v1", "time": "1789321474.402", "document_id": "d-298032cf9e06bd6c", "parser_version": "parser-v0.1.0", "type": "pdf", "probe": "magic", "sha256": "298032cf9e06bd6cd5f0f4c87acce8b49196b02abf775638ef398e16f5ea9813", "expected_pages": 20, "actual_pages": 20, "assembly_status": "ok", "elapsed_ms": 13510.5, "timings": {"detect_ms": 0.0, "route_ms": 1093.8, "scan_ms": 7.2, "plan_ms": 2.8, "run_ms": 12225.8, "assemble_ms": 179.8, "total_ms": 13510.5}, "blocks": 224, "tables": 1, "images": 4, "pages": 20, "ocr": null, "route": "docling", "dom_key": "dom/d-298032cf9e06bd6c/dom-v0.1.0.docJSON", "raw_key": "raw/298032cf9e06bd6cd5f0f4c87acce8b49196b02abf775638ef398e16f5ea9813.pdf"}
OK   PMC11095673.pdf              pdf        pages=20  blocks=224  tables=1   route=docling
      timings: detect_ms=0.0ms  route_ms=1093.8ms  scan_ms=7.2ms  plan_ms=2.8ms  run_ms=12225.8ms  assemble_ms=179.8ms  total_ms=13510.5ms  total=13510.5ms
[event] {"event": "document.parsed.v1", "time": "1789321507.053", "document_id": "d-fab36645acf06b7a", "parser_version": "parser-v0.1.0", "type": "pdf", "probe": "magic", "sha256": "fab36645acf06b7a46fe0c8a5746d5b0f0d2a6de3440137bff06aed99e7c87ca", "expected_pages": 26, "actual_pages": 26, "assembly_status": "ok", "elapsed_ms": 32641.6, "timings": {"detect_ms": 0.0, "route_ms": 3424.3, "scan_ms": 20.0, "plan_ms": 2.0, "run_ms": 28475.9, "assemble_ms": 716.2, "total_ms": 32641.6}, "blocks": 595, "tables": 3, "images": 14, "pages": 26, "ocr": null, "route": "docling", "dom_key": "dom/d-fab36645acf06b7a/dom-v0.1.0.docJSON", "raw_key": "raw/fab36645acf06b7a46fe0c8a5746d5b0f0d2a6de3440137bff06aed99e7c87ca.pdf"}
OK   PMC11232813.pdf              pdf        pages=26  blocks=595  tables=3   route=docling
      timings: detect_ms=0.0ms  route_ms=3424.3ms  scan_ms=20.0ms  plan_ms=2.0ms  run_ms=28475.9ms  assemble_ms=716.2ms  total_ms=32641.6ms  total=32641.6ms
[event] {"event": "document.parsed.v1", "time": "1789321524.575", "document_id": "d-7913054c431da75e", "parser_version": "parser-v0.1.0", "type": "pdf", "probe": "magic", "sha256": "7913054c431da75e28161bec0d57269b960c1285f2548dde40db7d03d730be77", "expected_pages": 18, "actual_pages": 18, "assembly_status": "ok", "elapsed_ms": 17518.9, "timings": {"detect_ms": 0.0, "route_ms": 1116.1, "scan_ms": 3.2, "plan_ms": 2.4, "run_ms": 16179.6, "assemble_ms": 216.8, "total_ms": 17518.9}, "blocks": 376, "tables": 7, "images": 2, "pages": 18, "ocr": null, "route": "docling", "dom_key": "dom/d-7913054c431da75e/dom-v0.1.0.docJSON", "raw_key": "raw/7913054c431da75e28161bec0d57269b960c1285f2548dde40db7d03d730be77.pdf"}
OK   PMC11261170.pdf              pdf        pages=18  blocks=376  tables=7   route=docling
      timings: detect_ms=0.0ms  route_ms=1116.1ms  scan_ms=3.2ms  plan_ms=2.4ms  run_ms=16179.6ms  assemble_ms=216.8ms  total_ms=17518.9ms  total=17518.9ms
[event] {"event": "document.parsed.v1", "time": "1789321541.989", "document_id": "d-6f3ab1e0904f32cd", "parser_version": "parser-v0.1.0", "type": "pdf", "probe": "magic", "sha256": "6f3ab1e0904f32cdaebf703ab36a5536a9deec049665f7cb3373e900e4aeb1c3", "expected_pages": 22, "actual_pages": 22, "assembly_status": "ok", "elapsed_ms": 17409.1, "timings": {"detect_ms": 0.0, "route_ms": 1045.6, "scan_ms": 17.5, "plan_ms": 2.3, "run_ms": 16081.9, "assemble_ms": 260.9, "total_ms": 17409.1}, "blocks": 377, "tables": 5, "images": 1, "pages": 22, "ocr": null, "route": "docling", "dom_key": "dom/d-6f3ab1e0904f32cd/dom-v0.1.0.docJSON", "raw_key": "raw/6f3ab1e0904f32cdaebf703ab36a5536a9deec049665f7cb3373e900e4aeb1c3.pdf"}
OK   PMC11261187.pdf              pdf        pages=22  blocks=377  tables=5   route=docling
      timings: detect_ms=0.0ms  route_ms=1045.6ms  scan_ms=17.5ms  plan_ms=2.3ms  run_ms=16081.9ms  assemble_ms=260.9ms  total_ms=17409.1ms  total=17409.1ms
[event] {"event": "document.parsed.v1", "time": "1789321561.270", "document_id": "d-85b0215a5a07d02e", "parser_version": "parser-v0.1.0", "type": "pdf", "probe": "magic", "sha256": "85b0215a5a07d02e22f03497af796104b27d9ca8b605b637a940876be7b9e22c", "expected_pages": 10, "actual_pages": 10, "assembly_status": "ok", "elapsed_ms": 19274.9, "timings": {"detect_ms": 0.0, "route_ms": 1374.3, "scan_ms": 5.4, "plan_ms": 2.2, "run_ms": 17658.1, "assemble_ms": 233.5, "total_ms": 19274.9}, "blocks": 131, "tables": 4, "images": 9, "pages": 10, "ocr": null, "route": "docling", "dom_key": "dom/d-85b0215a5a07d02e/dom-v0.1.0.docJSON", "raw_key": "raw/85b0215a5a07d02e22f03497af796104b27d9ca8b605b637a940876be7b9e22c.pdf"}
OK   PMC11288196.pdf              pdf        pages=10  blocks=131  tables=4   route=docling
      timings: detect_ms=0.0ms  route_ms=1374.3ms  scan_ms=5.4ms  plan_ms=2.2ms  run_ms=17658.1ms  assemble_ms=233.5ms  total_ms=19274.9ms  total=19274.9ms
[event] {"event": "document.parsed.v1", "time": "1789321610.677", "document_id": "d-d19bd7d1356883a3", "parser_version": "parser-v0.1.0", "type": "pdf", "probe": "magic", "sha256": "d19bd7d1356883a3908f5ed9173663e814d385ded693daf816f97e5e9b21a6f4", "expected_pages": 17, "actual_pages": 17, "assembly_status": "ok", "elapsed_ms": 49400.1, "timings": {"detect_ms": 0.0, "route_ms": 1083.6, "scan_ms": 6.3, "plan_ms": 1.9, "run_ms": 48129.5, "assemble_ms": 177.1, "total_ms": 49400.1}, "blocks": 168, "tables": 9, "images": 8, "pages": 17, "ocr": null, "route": "docling", "dom_key": "dom/d-d19bd7d1356883a3/dom-v0.1.0.docJSON", "raw_key": "raw/d19bd7d1356883a3908f5ed9173663e814d385ded693daf816f97e5e9b21a6f4.pdf"}
OK   PMC11361434.pdf              pdf        pages=17  blocks=168  tables=9   route=docling
      timings: detect_ms=0.0ms  route_ms=1083.6ms  scan_ms=6.3ms  plan_ms=1.9ms  run_ms=48129.5ms  assemble_ms=177.1ms  total_ms=49400.1ms  total=49400.1ms
RapidOCR returned empty result!
RapidOCR returned empty result!
RapidOCR returned empty result!
[event] {"event": "document.parsed.v1", "time": "1789321621.168", "document_id": "d-5a23f71fb850a36b", "parser_version": "parser-v0.1.0", "type": "pdf", "probe": "magic", "sha256": "5a23f71fb850a36b23422addc4a7d4b6698d9398642d42a3066284e75f0cf63f", "expected_pages": 7, "actual_pages": 7, "assembly_status": "ok", "elapsed_ms": 10487.6, "timings": {"detect_ms": 0.0, "route_ms": 1058.7, "scan_ms": 4.0, "plan_ms": 2.1, "run_ms": 9255.5, "assemble_ms": 166.8, "total_ms": 10487.6}, "blocks": 152, "tables": 4, "images": 7, "pages": 7, "ocr": null, "route": "docling", "dom_key": "dom/d-5a23f71fb850a36b/dom-v0.1.0.docJSON", "raw_key": "raw/5a23f71fb850a36b23422addc4a7d4b6698d9398642d42a3066284e75f0cf63f.pdf"}
OK   PMC11499752.pdf              pdf        pages=7   blocks=152  tables=4   route=docling
      timings: detect_ms=0.0ms  route_ms=1058.7ms  scan_ms=4.0ms  plan_ms=2.1ms  run_ms=9255.5ms  assemble_ms=166.8ms  total_ms=10487.6ms  total=10487.6ms
RapidOCR returned empty result!
[event] {"event": "document.parsed.v1", "time": "1789321632.608", "document_id": "d-01a596facc0224f6", "parser_version": "parser-v0.1.0", "type": "pdf", "probe": "magic", "sha256": "01a596facc0224f68353020b3784d9b08e8335879d7a54c1dac8146869340502", "expected_pages": 8, "actual_pages": 8, "assembly_status": "ok", "elapsed_ms": 11429.9, "timings": {"detect_ms": 0.0, "route_ms": 2000.2, "scan_ms": 7.0, "plan_ms": 1.9, "run_ms": 9255.3, "assemble_ms": 162.8, "total_ms": 11429.9}, "blocks": 120, "tables": 5, "images": 6, "pages": 8, "ocr": null, "route": "docling", "dom_key": "dom/d-01a596facc0224f6/dom-v0.1.0.docJSON", "raw_key": "raw/01a596facc0224f68353020b3784d9b08e8335879d7a54c1dac8146869340502.pdf"}
OK   PMC11515105.pdf              pdf        pages=8   blocks=120  tables=5   route=docling
      timings: detect_ms=0.0ms  route_ms=2000.2ms  scan_ms=7.0ms  plan_ms=1.9ms  run_ms=9255.3ms  assemble_ms=162.8ms  total_ms=11429.9ms  total=11429.9ms
[33m[WARNING] 2026-09-13 23:17:14,541 [RapidOCR] main.py:132: The text detection result is empty[0m
RapidOCR returned empty result!
[event] {"event": "document.parsed.v1", "time": "1789321651.046", "document_id": "d-d6e2a50759132bd4", "parser_version": "parser-v0.1.0", "type": "pdf", "probe": "magic", "sha256": "d6e2a50759132bd459866e27bd0a013380bec2b378e673c5866ba7a955df7915", "expected_pages": 13, "actual_pages": 13, "assembly_status": "ok", "elapsed_ms": 18432.4, "timings": {"detect_ms": 0.0, "route_ms": 930.2, "scan_ms": 6.2, "plan_ms": 3.2, "run_ms": 17309.3, "assemble_ms": 182.2, "total_ms": 18432.4}, "blocks": 150, "tables": 1, "images": 8, "pages": 13, "ocr": null, "route": "docling", "dom_key": "dom/d-d6e2a50759132bd4/dom-v0.1.0.docJSON", "raw_key": "raw/d6e2a50759132bd459866e27bd0a013380bec2b378e673c5866ba7a955df7915.pdf"}
OK   PMC11515965.pdf              pdf        pages=13  blocks=150  tables=1   route=docling
      timings: detect_ms=0.0ms  route_ms=930.2ms  scan_ms=6.2ms  plan_ms=3.2ms  run_ms=17309.3ms  assemble_ms=182.2ms  total_ms=18432.4ms  total=18432.4ms
RapidOCR returned empty result!
[event] {"event": "document.parsed.v1", "time": "1789321698.320", "document_id": "d-4da941b12e3927af", "parser_version": "parser-v0.1.0", "type": "pdf", "probe": "magic", "sha256": "4da941b12e3927af7044a3e352f91757971f6d6a1f3c54498925fbf685758b1c", "expected_pages": 20, "actual_pages": 20, "assembly_status": "ok", "elapsed_ms": 47259.2, "timings": {"detect_ms": 0.0, "route_ms": 2683.9, "scan_ms": 19.7, "plan_ms": 2.5, "run_ms": 44121.0, "assemble_ms": 426.4, "total_ms": 47259.2}, "blocks": 212, "tables": 1, "images": 23, "pages": 20, "ocr": null, "route": "docling", "dom_key": "dom/d-4da941b12e3927af/dom-v0.1.0.docJSON", "raw_key": "raw/4da941b12e3927af7044a3e352f91757971f6d6a1f3c54498925fbf685758b1c.pdf"}
OK   PMC11541848.pdf              pdf        pages=20  blocks=212  tables=1   route=docling
      timings: detect_ms=0.0ms  route_ms=2683.9ms  scan_ms=19.7ms  plan_ms=2.5ms  run_ms=44121.0ms  assemble_ms=426.4ms  total_ms=47259.2ms  total=47259.2ms
RapidOCR returned empty result!
RapidOCR returned empty result!
[event] {"event": "document.parsed.v1", "time": "1789321714.352", "document_id": "d-739921e81240a08e", "parser_version": "parser-v0.1.0", "type": "pdf", "probe": "magic", "sha256": "739921e81240a08e522ea13fd8d64614b22e56e9558d432e8d9224f563c1b3a1", "expected_pages": 14, "actual_pages": 14, "assembly_status": "ok", "elapsed_ms": 16027.3, "timings": {"detect_ms": 0.0, "route_ms": 1092.6, "scan_ms": 16.8, "plan_ms": 2.0, "run_ms": 14566.5, "assemble_ms": 348.3, "total_ms": 16027.3}, "blocks": 309, "tables": 2, "images": 20, "pages": 14, "ocr": null, "route": "docling", "dom_key": "dom/d-739921e81240a08e/dom-v0.1.0.docJSON", "raw_key": "raw/739921e81240a08e522ea13fd8d64614b22e56e9558d432e8d9224f563c1b3a1.pdf"}
OK   PMC11585511.pdf              pdf        pages=14  blocks=309  tables=2   route=docling
      timings: detect_ms=0.0ms  route_ms=1092.6ms  scan_ms=16.8ms  plan_ms=2.0ms  run_ms=14566.5ms  assemble_ms=348.3ms  total_ms=16027.3ms  total=16027.3ms
[33m[WARNING] 2026-09-13 23:18:38,028 [RapidOCR] main.py:132: The text detection result is empty[0m
RapidOCR returned empty result!
[event] {"event": "document.parsed.v1", "time": "1789321721.011", "document_id": "d-368c0bc729af8a0c", "parser_version": "parser-v0.1.0", "type": "pdf", "probe": "magic", "sha256": "368c0bc729af8a0c16998893cab4b45bb63df2e6b10f729da721876642107198", "expected_pages": 5, "actual_pages": 5, "assembly_status": "ok", "elapsed_ms": 6651.8, "timings": {"detect_ms": 0.0, "route_ms": 476.1, "scan_ms": 4.0, "plan_ms": 2.9, "run_ms": 6063.5, "assemble_ms": 104.1, "total_ms": 6651.8}, "blocks": 53, "tables": 0, "images": 6, "pages": 5, "ocr": null, "route": "docling", "dom_key": "dom/d-368c0bc729af8a0c/dom-v0.1.0.docJSON", "raw_key": "raw/368c0bc729af8a0c16998893cab4b45bb63df2e6b10f729da721876642107198.pdf"}
OK   PMC11608882.pdf              pdf        pages=5   blocks=53   tables=0   route=docling
      timings: detect_ms=0.0ms  route_ms=476.1ms  scan_ms=4.0ms  plan_ms=2.9ms  run_ms=6063.5ms  assemble_ms=104.1ms  total_ms=6651.8ms  total=6651.8ms
[event] {"event": "document.parsed.v1", "time": "1789321722.747", "document_id": "d-6f62c6762ab63e0f", "parser_version": "parser-v0.1.0", "type": "pdf", "probe": "magic", "sha256": "6f62c6762ab63e0f91d495325420deb2fed853a3aeb947b61e821c1ca19dc59b", "expected_pages": 2, "actual_pages": 2, "assembly_status": "ok", "elapsed_ms": 1734.2, "timings": {"detect_ms": 0.0, "route_ms": 289.1, "scan_ms": 15.6, "plan_ms": 2.0, "run_ms": 1355.6, "assemble_ms": 71.5, "total_ms": 1734.2}, "blocks": 31, "tables": 0, "images": 2, "pages": 2, "ocr": null, "route": "docling", "dom_key": "dom/d-6f62c6762ab63e0f/dom-v0.1.0.docJSON", "raw_key": "raw/6f62c6762ab63e0f91d495325420deb2fed853a3aeb947b61e821c1ca19dc59b.pdf"}
OK   PMC11617738.pdf              pdf        pages=2   blocks=31   tables=0   route=docling
      timings: detect_ms=0.0ms  route_ms=289.1ms  scan_ms=15.6ms  plan_ms=2.0ms  run_ms=1355.6ms  assemble_ms=71.5ms  total_ms=1734.2ms  total=1734.2ms
[event] {"event": "document.parsed.v1", "time": "1789321743.333", "document_id": "d-0bd95abb17d2481d", "parser_version": "parser-v0.1.0", "type": "pdf", "probe": "magic", "sha256": "0bd95abb17d2481dffc3209458a6f7dbaf7929d0d0485430584f94838124b876", "expected_pages": 23, "actual_pages": 23, "assembly_status": "ok", "elapsed_ms": 20581.8, "timings": {"detect_ms": 0.0, "route_ms": 993.3, "scan_ms": 11.4, "plan_ms": 2.5, "run_ms": 19336.9, "assemble_ms": 236.6, "total_ms": 20581.8}, "blocks": 267, "tables": 4, "images": 7, "pages": 23, "ocr": null, "route": "docling", "dom_key": "dom/d-0bd95abb17d2481d/dom-v0.1.0.docJSON", "raw_key": "raw/0bd95abb17d2481dffc3209458a6f7dbaf7929d0d0485430584f94838124b876.pdf"}
OK   PMC11620663.pdf              pdf        pages=23  blocks=267  tables=4   route=docling
      timings: detect_ms=0.0ms  route_ms=993.3ms  scan_ms=11.4ms  plan_ms=2.5ms  run_ms=19336.9ms  assemble_ms=236.6ms  total_ms=20581.8ms  total=20581.8ms
[event] {"event": "document.parsed.v1", "time": "1789321755.581", "document_id": "d-a759f3969e4fd768", "parser_version": "parser-v0.1.0", "type": "pdf", "probe": "magic", "sha256": "a759f3969e4fd768acd8cd354ae88efa96e6b7b911ad74f129b8cfdffd075980", "expected_pages": 13, "actual_pages": 13, "assembly_status": "ok", "elapsed_ms": 12245.5, "timings": {"detect_ms": 0.0, "route_ms": 1324.6, "scan_ms": 4.2, "plan_ms": 2.7, "run_ms": 10718.6, "assemble_ms": 194.8, "total_ms": 12245.5}, "blocks": 258, "tables": 1, "images": 3, "pages": 13, "ocr": null, "route": "docling", "dom_key": "dom/d-a759f3969e4fd768/dom-v0.1.0.docJSON", "raw_key": "raw/a759f3969e4fd768acd8cd354ae88efa96e6b7b911ad74f129b8cfdffd075980.pdf"}
OK   PMC11652068.pdf              pdf        pages=13  blocks=258  tables=1   route=docling
      timings: detect_ms=0.0ms  route_ms=1324.6ms  scan_ms=4.2ms  plan_ms=2.7ms  run_ms=10718.6ms  assemble_ms=194.8ms  total_ms=12245.5ms  total=12245.5ms
[event] {"event": "document.parsed.v1", "time": "1789321767.357", "document_id": "d-74efee28920ba5d9", "parser_version": "parser-v0.1.0", "type": "pdf", "probe": "magic", "sha256": "74efee28920ba5d9200885c8ddaae998f26ecf248111e6f21844ef24896218c3", "expected_pages": 14, "actual_pages": 14, "assembly_status": "ok", "elapsed_ms": 11767.3, "timings": {"detect_ms": 0.0, "route_ms": 1235.7, "scan_ms": 18.9, "plan_ms": 3.1, "run_ms": 10331.8, "assemble_ms": 177.2, "total_ms": 11767.3}, "blocks": 276, "tables": 6, "images": 2, "pages": 14, "ocr": null, "route": "docling", "dom_key": "dom/d-74efee28920ba5d9/dom-v0.1.0.docJSON", "raw_key": "raw/74efee28920ba5d9200885c8ddaae998f26ecf248111e6f21844ef24896218c3.pdf"}
OK   PMC11660019.pdf              pdf        pages=14  blocks=276  tables=6   route=docling
      timings: detect_ms=0.0ms  route_ms=1235.7ms  scan_ms=18.9ms  plan_ms=3.1ms  run_ms=10331.8ms  assemble_ms=177.2ms  total_ms=11767.3ms  total=11767.3ms
[event] {"event": "document.parsed.v1", "time": "1789321784.262", "document_id": "d-c0a826592a1a6147", "parser_version": "parser-v0.1.0", "type": "pdf", "probe": "magic", "sha256": "c0a826592a1a61476ae9e7fda94e6ee9e5c85e1c8e3eeeaa927be27309a78e1c", "expected_pages": 13, "actual_pages": 13, "assembly_status": "ok", "elapsed_ms": 16900.2, "timings": {"detect_ms": 0.0, "route_ms": 1838.4, "scan_ms": 18.8, "plan_ms": 2.8, "run_ms": 14809.7, "assemble_ms": 229.4, "total_ms": 16900.2}, "blocks": 250, "tables": 10, "images": 19, "pages": 13, "ocr": null, "route": "docling", "dom_key": "dom/d-c0a826592a1a6147/dom-v0.1.0.docJSON", "raw_key": "raw/c0a826592a1a61476ae9e7fda94e6ee9e5c85e1c8e3eeeaa927be27309a78e1c.pdf"}
OK   PMC11660023.pdf              pdf        pages=13  blocks=250  tables=10  route=docling
      timings: detect_ms=0.0ms  route_ms=1838.4ms  scan_ms=18.8ms  plan_ms=2.8ms  run_ms=14809.7ms  assemble_ms=229.4ms  total_ms=16900.2ms  total=16900.2ms
[event] {"event": "document.parsed.v1", "time": "1789321834.612", "document_id": "d-30f8485ad02c9e0c", "parser_version": "parser-v0.1.0", "type": "pdf", "probe": "magic", "sha256": "30f8485ad02c9e0cf193ff67aeb4e5ab17c68b4d6a2c60d65f01c1c4c4473827", "expected_pages": 37, "actual_pages": 37, "assembly_status": "ok", "elapsed_ms": 50345.0, "timings": {"detect_ms": 0.0, "route_ms": 1231.7, "scan_ms": 10.9, "plan_ms": 2.4, "run_ms": 48336.3, "assemble_ms": 762.3, "total_ms": 50345.0}, "blocks": 650, "tables": 6, "images": 40, "pages": 37, "ocr": null, "route": "docling", "dom_key": "dom/d-30f8485ad02c9e0c/dom-v0.1.0.docJSON", "raw_key": "raw/30f8485ad02c9e0cf193ff67aeb4e5ab17c68b4d6a2c60d65f01c1c4c4473827.pdf"}
OK   PMC11666671.pdf              pdf        pages=37  blocks=650  tables=6   route=docling
      timings: detect_ms=0.0ms  route_ms=1231.7ms  scan_ms=10.9ms  plan_ms=2.4ms  run_ms=48336.3ms  assemble_ms=762.3ms  total_ms=50345.0ms  total=50345.0ms
[event] {"event": "document.parsed.v1", "time": "1789321843.817", "document_id": "d-70bfad37d37fcd45", "parser_version": "parser-v0.1.0", "type": "pdf", "probe": "magic", "sha256": "70bfad37d37fcd4562ddcad3a306f19deaecf062e96651ce746c2da7b7ef49fc", "expected_pages": 10, "actual_pages": 10, "assembly_status": "ok", "elapsed_ms": 9201.6, "timings": {"detect_ms": 0.0, "route_ms": 980.2, "scan_ms": 4.4, "plan_ms": 2.6, "run_ms": 8028.1, "assemble_ms": 185.7, "total_ms": 9201.6}, "blocks": 171, "tables": 6, "images": 6, "pages": 10, "ocr": null, "route": "docling", "dom_key": "dom/d-70bfad37d37fcd45/dom-v0.1.0.docJSON", "raw_key": "raw/70bfad37d37fcd4562ddcad3a306f19deaecf062e96651ce746c2da7b7ef49fc.pdf"}
OK   PMC11673308.pdf              pdf        pages=10  blocks=171  tables=6   route=docling
      timings: detect_ms=0.0ms  route_ms=980.2ms  scan_ms=4.4ms  plan_ms=2.6ms  run_ms=8028.1ms  assemble_ms=185.7ms  total_ms=9201.6ms  total=9201.6ms
[event] {"event": "document.parsed.v1", "time": "1789321845.773", "document_id": "d-80fae88f934664ae", "parser_version": "parser-v0.1.0", "type": "pdf", "probe": "magic", "sha256": "80fae88f934664ae59092e4c122e57ad06c9bec341826b4cafe112776ea2764b", "expected_pages": 1, "actual_pages": 1, "assembly_status": "ok", "elapsed_ms": 1952.6, "timings": {"detect_ms": 0.0, "route_ms": 95.2, "scan_ms": 3.1, "plan_ms": 3.4, "run_ms": 1798.8, "assemble_ms": 51.9, "total_ms": 1952.6}, "blocks": 32, "tables": 1, "images": 1, "pages": 1, "ocr": null, "route": "docling", "dom_key": "dom/d-80fae88f934664ae/dom-v0.1.0.docJSON", "raw_key": "raw/80fae88f934664ae59092e4c122e57ad06c9bec341826b4cafe112776ea2764b.pdf"}
OK   PMC11776547.pdf              pdf        pages=1   blocks=32   tables=1   route=docling
      timings: detect_ms=0.0ms  route_ms=95.2ms  scan_ms=3.1ms  plan_ms=3.4ms  run_ms=1798.8ms  assemble_ms=51.9ms  total_ms=1952.6ms  total=1952.6ms
[event] {"event": "document.parsed.v1", "time": "1789321858.806", "document_id": "d-0f08f54d3472a6ec", "parser_version": "parser-v0.1.0", "type": "pdf", "probe": "magic", "sha256": "0f08f54d3472a6ecfea930aef56fc31818df72b8bdefa4b9b21b9124cd2426de", "expected_pages": 9, "actual_pages": 9, "assembly_status": "ok", "elapsed_ms": 13030.2, "timings": {"detect_ms": 0.0, "route_ms": 1421.0, "scan_ms": 4.2, "plan_ms": 2.0, "run_ms": 11459.2, "assemble_ms": 143.2, "total_ms": 13030.2}, "blocks": 110, "tables": 4, "images": 3, "pages": 9, "ocr": null, "route": "docling", "dom_key": "dom/d-0f08f54d3472a6ec/dom-v0.1.0.docJSON", "raw_key": "raw/0f08f54d3472a6ecfea930aef56fc31818df72b8bdefa4b9b21b9124cd2426de.pdf"}
OK   PMC11782105.pdf              pdf        pages=9   blocks=110  tables=4   route=docling
      timings: detect_ms=0.0ms  route_ms=1421.0ms  scan_ms=4.2ms  plan_ms=2.0ms  run_ms=11459.2ms  assemble_ms=143.2ms  total_ms=13030.2ms  total=13030.2ms
[event] {"event": "document.parsed.v1", "time": "1789321874.698", "document_id": "d-8b4e877cc48dd199", "parser_version": "parser-v0.1.0", "type": "pdf", "probe": "magic", "sha256": "8b4e877cc48dd19977873e272e1205b7725048e5f63d9c14bc4a7cc8804c9798", "expected_pages": 8, "actual_pages": 8, "assembly_status": "ok", "elapsed_ms": 15887.2, "timings": {"detect_ms": 0.0, "route_ms": 2384.2, "scan_ms": 5.1, "plan_ms": 2.4, "run_ms": 13320.4, "assemble_ms": 173.9, "total_ms": 15887.2}, "blocks": 102, "tables": 2, "images": 7, "pages": 8, "ocr": null, "route": "docling", "dom_key": "dom/d-8b4e877cc48dd199/dom-v0.1.0.docJSON", "raw_key": "raw/8b4e877cc48dd19977873e272e1205b7725048e5f63d9c14bc4a7cc8804c9798.pdf"}
OK   PMC11782106.pdf              pdf        pages=8   blocks=102  tables=2   route=docling
      timings: detect_ms=0.0ms  route_ms=2384.2ms  scan_ms=5.1ms  plan_ms=2.4ms  run_ms=13320.4ms  assemble_ms=173.9ms  total_ms=15887.2ms  total=15887.2ms
[event] {"event": "document.parsed.v1", "time": "1789321901.389", "document_id": "d-c87436ac4ab29a2a", "parser_version": "parser-v0.1.0", "type": "pdf", "probe": "magic", "sha256": "c87436ac4ab29a2af7e2b77c8a22e1a423b54efa3509afcc4cd1c2163cf9dd52", "expected_pages": 13, "actual_pages": 13, "assembly_status": "ok", "elapsed_ms": 26683.9, "timings": {"detect_ms": 0.0, "route_ms": 2370.4, "scan_ms": 5.0, "plan_ms": 2.0, "run_ms": 24077.5, "assemble_ms": 227.0, "total_ms": 26683.9}, "blocks": 158, "tables": 4, "images": 6, "pages": 13, "ocr": null, "route": "docling", "dom_key": "dom/d-c87436ac4ab29a2a/dom-v0.1.0.docJSON", "raw_key": "raw/c87436ac4ab29a2af7e2b77c8a22e1a423b54efa3509afcc4cd1c2163cf9dd52.pdf"}
OK   PMC11791505.pdf              pdf        pages=13  blocks=158  tables=4   route=docling
      timings: detect_ms=0.0ms  route_ms=2370.4ms  scan_ms=5.0ms  plan_ms=2.0ms  run_ms=24077.5ms  assemble_ms=227.0ms  total_ms=26683.9ms  total=26683.9ms
[event] {"event": "document.parsed.v1", "time": "1789321945.155", "document_id": "d-dbf8d4a561ce180c", "parser_version": "parser-v0.1.0", "type": "pdf", "probe": "magic", "sha256": "dbf8d4a561ce180c45e4f6cfeed465b44114c769f8ee5a5d642959cf19533109", "expected_pages": 21, "actual_pages": 21, "assembly_status": "ok", "elapsed_ms": 43755.0, "timings": {"detect_ms": 0.0, "route_ms": 2585.3, "scan_ms": 12.4, "plan_ms": 2.8, "run_ms": 40680.1, "assemble_ms": 470.0, "total_ms": 43755.0}, "blocks": 322, "tables": 13, "images": 24, "pages": 21, "ocr": null, "route": "docling", "dom_key": "dom/d-dbf8d4a561ce180c/dom-v0.1.0.docJSON", "raw_key": "raw/dbf8d4a561ce180c45e4f6cfeed465b44114c769f8ee5a5d642959cf19533109.pdf"}
OK   PMC11832365.pdf              pdf        pages=21  blocks=322  tables=13  route=docling
      timings: detect_ms=0.0ms  route_ms=2585.3ms  scan_ms=12.4ms  plan_ms=2.8ms  run_ms=40680.1ms  assemble_ms=470.0ms  total_ms=43755.0ms  total=43755.0ms
[event] {"event": "document.parsed.v1", "time": "1789321951.736", "document_id": "d-b39cbd1ad00def3c", "parser_version": "parser-v0.1.0", "type": "pdf", "probe": "magic", "sha256": "b39cbd1ad00def3c4ccc566f442a962c787970af4c313ce5680808a7c2e353c8", "expected_pages": 5, "actual_pages": 5, "assembly_status": "ok", "elapsed_ms": 6576.4, "timings": {"detect_ms": 0.0, "route_ms": 875.9, "scan_ms": 3.8, "plan_ms": 2.8, "run_ms": 5600.7, "assemble_ms": 92.7, "total_ms": 6576.4}, "blocks": 105, "tables": 2, "images": 1, "pages": 5, "ocr": null, "route": "docling", "dom_key": "dom/d-b39cbd1ad00def3c/dom-v0.1.0.docJSON", "raw_key": "raw/b39cbd1ad00def3c4ccc566f442a962c787970af4c313ce5680808a7c2e353c8.pdf"}
OK   PMC11834136.pdf              pdf        pages=5   blocks=105  tables=2   route=docling
      timings: detect_ms=0.0ms  route_ms=875.9ms  scan_ms=3.8ms  plan_ms=2.8ms  run_ms=5600.7ms  assemble_ms=92.7ms  total_ms=6576.4ms  total=6576.4ms
RapidOCR returned empty result!
RapidOCR returned empty result!
RapidOCR returned empty result!
RapidOCR returned empty result!
RapidOCR returned empty result!
[event] {"event": "document.parsed.v1", "time": "1789321966.642", "document_id": "d-e3afd3357975edf6", "parser_version": "parser-v0.1.0", "type": "pdf", "probe": "magic", "sha256": "e3afd3357975edf6278eba1370bd8912d085be96cc2e33515db33c1a0fd5f667", "expected_pages": 12, "actual_pages": 12, "assembly_status": "ok", "elapsed_ms": 14903.4, "timings": {"detect_ms": 0.0, "route_ms": 1302.0, "scan_ms": 17.4, "plan_ms": 2.0, "run_ms": 13357.6, "assemble_ms": 223.5, "total_ms": 14903.4}, "blocks": 223, "tables": 2, "images": 5, "pages": 12, "ocr": null, "route": "docling", "dom_key": "dom/d-e3afd3357975edf6/dom-v0.1.0.docJSON", "raw_key": "raw/e3afd3357975edf6278eba1370bd8912d085be96cc2e33515db33c1a0fd5f667.pdf"}
OK   PMC11883620.pdf              pdf        pages=12  blocks=223  tables=2   route=docling
      timings: detect_ms=0.0ms  route_ms=1302.0ms  scan_ms=17.4ms  plan_ms=2.0ms  run_ms=13357.6ms  assemble_ms=223.5ms  total_ms=14903.4ms  total=14903.4ms
[event] {"event": "document.parsed.v1", "time": "1789321971.252", "document_id": "d-307f3b2d06306325", "parser_version": "parser-v0.1.0", "type": "pdf", "probe": "magic", "sha256": "307f3b2d0630632582f55e9ba886cc0ef19de0e8aebb7600358b77e7325e30ea", "expected_pages": 3, "actual_pages": 3, "assembly_status": "ok", "elapsed_ms": 4606.5, "timings": {"detect_ms": 0.0, "route_ms": 944.7, "scan_ms": 3.7, "plan_ms": 2.9, "run_ms": 3544.5, "assemble_ms": 109.9, "total_ms": 4606.5}, "blocks": 53, "tables": 0, "images": 2, "pages": 3, "ocr": null, "route": "docling", "dom_key": "dom/d-307f3b2d06306325/dom-v0.1.0.docJSON", "raw_key": "raw/307f3b2d0630632582f55e9ba886cc0ef19de0e8aebb7600358b77e7325e30ea.pdf"}
OK   PMC11884345.pdf              pdf        pages=3   blocks=53   tables=0   route=docling
      timings: detect_ms=0.0ms  route_ms=944.7ms  scan_ms=3.7ms  plan_ms=2.9ms  run_ms=3544.5ms  assemble_ms=109.9ms  total_ms=4606.5ms  total=4606.5ms
[event] {"event": "document.parsed.v1", "time": "1789321983.416", "document_id": "d-bcedabfb2de11bc2", "parser_version": "parser-v0.1.0", "type": "pdf", "probe": "magic", "sha256": "bcedabfb2de11bc267bdd703b501527c86978a8f0d9c09e3c5d0a2878c0c67f4", "expected_pages": 8, "actual_pages": 8, "assembly_status": "ok", "elapsed_ms": 12158.3, "timings": {"detect_ms": 0.0, "route_ms": 1090.6, "scan_ms": 5.5, "plan_ms": 2.3, "run_ms": 10911.3, "assemble_ms": 147.3, "total_ms": 12158.3}, "blocks": 166, "tables": 3, "images": 6, "pages": 8, "ocr": null, "route": "docling", "dom_key": "dom/d-bcedabfb2de11bc2/dom-v0.1.0.docJSON", "raw_key": "raw/bcedabfb2de11bc267bdd703b501527c86978a8f0d9c09e3c5d0a2878c0c67f4.pdf"}
OK   PMC11886468.pdf              pdf        pages=8   blocks=166  tables=3   route=docling
      timings: detect_ms=0.0ms  route_ms=1090.6ms  scan_ms=5.5ms  plan_ms=2.3ms  run_ms=10911.3ms  assemble_ms=147.3ms  total_ms=12158.3ms  total=12158.3ms
[event] {"event": "document.parsed.v1", "time": "1789321992.872", "document_id": "d-27d13475b3d53b42", "parser_version": "parser-v0.1.0", "type": "pdf", "probe": "magic", "sha256": "27d13475b3d53b42acf11670c576ecea4d9e1aeb078901af6a597b2a1a69b5a3", "expected_pages": 9, "actual_pages": 9, "assembly_status": "ok", "elapsed_ms": 9452.9, "timings": {"detect_ms": 0.0, "route_ms": 1072.1, "scan_ms": 3.3, "plan_ms": 1.9, "run_ms": 8286.3, "assemble_ms": 88.7, "total_ms": 9452.9}, "blocks": 197, "tables": 0, "images": 3, "pages": 9, "ocr": null, "route": "docling", "dom_key": "dom/d-27d13475b3d53b42/dom-v0.1.0.docJSON", "raw_key": "raw/27d13475b3d53b42acf11670c576ecea4d9e1aeb078901af6a597b2a1a69b5a3.pdf"}
OK   PMC11906242.pdf              pdf        pages=9   blocks=197  tables=0   route=docling
      timings: detect_ms=0.0ms  route_ms=1072.1ms  scan_ms=3.3ms  plan_ms=1.9ms  run_ms=8286.3ms  assemble_ms=88.7ms  total_ms=9452.9ms  total=9452.9ms
[33m[WARNING] 2026-09-13 23:23:15,918 [RapidOCR] main.py:132: The text detection result is empty[0m
RapidOCR returned empty result!
[event] {"event": "document.parsed.v1", "time": "1789322014.878", "document_id": "d-2c34ec4effb30ca1", "parser_version": "parser-v0.1.0", "type": "pdf", "probe": "magic", "sha256": "2c34ec4effb30ca19d063c6acaab3b5e2a9622cdc5938eccbb12b604f3b30507", "expected_pages": 17, "actual_pages": 17, "assembly_status": "ok", "elapsed_ms": 22002.4, "timings": {"detect_ms": 0.0, "route_ms": 1046.4, "scan_ms": 7.1, "plan_ms": 2.6, "run_ms": 20736.2, "assemble_ms": 209.1, "total_ms": 22002.4}, "blocks": 199, "tables": 6, "images": 15, "pages": 17, "ocr": null, "route": "docling", "dom_key": "dom/d-2c34ec4effb30ca1/dom-v0.1.0.docJSON", "raw_key": "raw/2c34ec4effb30ca19d063c6acaab3b5e2a9622cdc5938eccbb12b604f3b30507.pdf"}
OK   PMC11922230.pdf              pdf        pages=17  blocks=199  tables=6   route=docling
      timings: detect_ms=0.0ms  route_ms=1046.4ms  scan_ms=7.1ms  plan_ms=2.6ms  run_ms=20736.2ms  assemble_ms=209.1ms  total_ms=22002.4ms  total=22002.4ms
[event] {"event": "document.parsed.v1", "time": "1789322021.394", "document_id": "d-2a11fe797be1013c", "parser_version": "parser-v0.1.0", "type": "pdf", "probe": "magic", "sha256": "2a11fe797be1013c3a3545831b9b48093023a2f43c6d9d145e2e68ce39909013", "expected_pages": 5, "actual_pages": 5, "assembly_status": "ok", "elapsed_ms": 6512.3, "timings": {"detect_ms": 0.0, "route_ms": 790.7, "scan_ms": 3.9, "plan_ms": 2.6, "run_ms": 5657.5, "assemble_ms": 57.0, "total_ms": 6512.3}, "blocks": 70, "tables": 0, "images": 4, "pages": 5, "ocr": null, "route": "docling", "dom_key": "dom/d-2a11fe797be1013c/dom-v0.1.0.docJSON", "raw_key": "raw/2a11fe797be1013c3a3545831b9b48093023a2f43c6d9d145e2e68ce39909013.pdf"}
OK   PMC11930524.pdf              pdf        pages=5   blocks=70   tables=0   route=docling
      timings: detect_ms=0.0ms  route_ms=790.7ms  scan_ms=3.9ms  plan_ms=2.6ms  run_ms=5657.5ms  assemble_ms=57.0ms  total_ms=6512.3ms  total=6512.3ms
[event] {"event": "document.parsed.v1", "time": "1789322047.734", "document_id": "d-cfda44fe3b01ce96", "parser_version": "parser-v0.1.0", "type": "pdf", "probe": "magic", "sha256": "cfda44fe3b01ce9693137905d85f49b66d9963ccb44d36493282adc2817a097b", "expected_pages": 21, "actual_pages": 21, "assembly_status": "ok", "elapsed_ms": 26337.2, "timings": {"detect_ms": 0.0, "route_ms": 957.8, "scan_ms": 6.6, "plan_ms": 2.1, "run_ms": 24921.2, "assemble_ms": 448.5, "total_ms": 26337.2}, "blocks": 447, "tables": 4, "images": 22, "pages": 21, "ocr": null, "route": "docling", "dom_key": "dom/d-cfda44fe3b01ce96/dom-v0.1.0.docJSON", "raw_key": "raw/cfda44fe3b01ce9693137905d85f49b66d9963ccb44d36493282adc2817a097b.pdf"}
OK   PMC11946955.pdf              pdf        pages=21  blocks=447  tables=4   route=docling
      timings: detect_ms=0.0ms  route_ms=957.8ms  scan_ms=6.6ms  plan_ms=2.1ms  run_ms=24921.2ms  assemble_ms=448.5ms  total_ms=26337.2ms  total=26337.2ms
[event] {"event": "document.parsed.v1", "time": "1789322062.991", "document_id": "d-f1bf69c8103f692d", "parser_version": "parser-v0.1.0", "type": "pdf", "probe": "magic", "sha256": "f1bf69c8103f692dd3c3c0cc2e56df43d61bcc409a1640daa1e594e39e170386", "expected_pages": 14, "actual_pages": 14, "assembly_status": "ok", "elapsed_ms": 15251.9, "timings": {"detect_ms": 0.0, "route_ms": 1039.3, "scan_ms": 7.1, "plan_ms": 2.4, "run_ms": 13902.1, "assemble_ms": 299.8, "total_ms": 15251.9}, "blocks": 165, "tables": 3, "images": 21, "pages": 14, "ocr": null, "route": "docling", "dom_key": "dom/d-f1bf69c8103f692d/dom-v0.1.0.docJSON", "raw_key": "raw/f1bf69c8103f692dd3c3c0cc2e56df43d61bcc409a1640daa1e594e39e170386.pdf"}
OK   PMC11950097.pdf              pdf        pages=14  blocks=165  tables=3   route=docling
      timings: detect_ms=0.0ms  route_ms=1039.3ms  scan_ms=7.1ms  plan_ms=2.4ms  run_ms=13902.1ms  assemble_ms=299.8ms  total_ms=15251.9ms  total=15251.9ms
[event] {"event": "document.parsed.v1", "time": "1789322082.549", "document_id": "d-cc5af1292d5ef81d", "parser_version": "parser-v0.1.0", "type": "pdf", "probe": "magic", "sha256": "cc5af1292d5ef81d780b94aa650418766fb916cc23622444d0667ac0e9de430e", "expected_pages": 10, "actual_pages": 10, "assembly_status": "ok", "elapsed_ms": 19553.1, "timings": {"detect_ms": 0.0, "route_ms": 2593.7, "scan_ms": 18.0, "plan_ms": 2.0, "run_ms": 16760.0, "assemble_ms": 178.2, "total_ms": 19553.1}, "blocks": 120, "tables": 2, "images": 6, "pages": 10, "ocr": null, "route": "docling", "dom_key": "dom/d-cc5af1292d5ef81d/dom-v0.1.0.docJSON", "raw_key": "raw/cc5af1292d5ef81d780b94aa650418766fb916cc23622444d0667ac0e9de430e.pdf"}
OK   PMC11950879.pdf              pdf        pages=10  blocks=120  tables=2   route=docling
      timings: detect_ms=0.0ms  route_ms=2593.7ms  scan_ms=18.0ms  plan_ms=2.0ms  run_ms=16760.0ms  assemble_ms=178.2ms  total_ms=19553.1ms  total=19553.1ms
[33m[WARNING] 2026-09-13 23:24:44,557 [RapidOCR] main.py:132: The text detection result is empty[0m
RapidOCR returned empty result!
[event] {"event": "document.parsed.v1", "time": "1789322087.670", "document_id": "d-2235660c2369b630", "parser_version": "parser-v0.1.0", "type": "pdf", "probe": "magic", "sha256": "2235660c2369b6306d302ff4c4f2c7952d83045b95538297a06f25341f938943", "expected_pages": 6, "actual_pages": 6, "assembly_status": "ok", "elapsed_ms": 5118.3, "timings": {"detect_ms": 0.0, "route_ms": 821.9, "scan_ms": 17.6, "plan_ms": 2.1, "run_ms": 4166.3, "assemble_ms": 109.9, "total_ms": 5118.3}, "blocks": 130, "tables": 0, "images": 4, "pages": 6, "ocr": null, "route": "docling", "dom_key": "dom/d-2235660c2369b630/dom-v0.1.0.docJSON", "raw_key": "raw/2235660c2369b6306d302ff4c4f2c7952d83045b95538297a06f25341f938943.pdf"}
OK   PMC11955994.pdf              pdf        pages=6   blocks=130  tables=0   route=docling
      timings: detect_ms=0.0ms  route_ms=821.9ms  scan_ms=17.6ms  plan_ms=2.1ms  run_ms=4166.3ms  assemble_ms=109.9ms  total_ms=5118.3ms  total=5118.3ms
RapidOCR returned empty result!
RapidOCR returned empty result!
RapidOCR returned empty result!
[event] {"event": "document.parsed.v1", "time": "1789322125.012", "document_id": "d-a906f8da268b8127", "parser_version": "parser-v0.1.0", "type": "pdf", "probe": "magic", "sha256": "a906f8da268b8127bbdeac567c236153a5145637aa2e6cf352623382e8053051", "expected_pages": 11, "actual_pages": 11, "assembly_status": "ok", "elapsed_ms": 37334.8, "timings": {"detect_ms": 0.0, "route_ms": 2331.8, "scan_ms": 21.3, "plan_ms": 2.1, "run_ms": 34706.8, "assemble_ms": 269.7, "total_ms": 37334.8}, "blocks": 241, "tables": 5, "images": 12, "pages": 11, "ocr": null, "route": "docling", "dom_key": "dom/d-a906f8da268b8127/dom-v0.1.0.docJSON", "raw_key": "raw/a906f8da268b8127bbdeac567c236153a5145637aa2e6cf352623382e8053051.pdf"}
OK   PMC11956280.pdf              pdf        pages=11  blocks=241  tables=5   route=docling
      timings: detect_ms=0.0ms  route_ms=2331.8ms  scan_ms=21.3ms  plan_ms=2.1ms  run_ms=34706.8ms  assemble_ms=269.7ms  total_ms=37334.8ms  total=37334.8ms
[33m[WARNING] 2026-09-13 23:25:30,058 [RapidOCR] main.py:132: The text detection result is empty[0m
RapidOCR returned empty result!
[event] {"event": "document.parsed.v1", "time": "1789322133.788", "document_id": "d-237df778088d69ee", "parser_version": "parser-v0.1.0", "type": "pdf", "probe": "magic", "sha256": "237df778088d69eec2992fad05a631a9f2094c8ae73c34fa7af419ecab66e1d6", "expected_pages": 9, "actual_pages": 9, "assembly_status": "ok", "elapsed_ms": 8772.7, "timings": {"detect_ms": 0.0, "route_ms": 2422.2, "scan_ms": 17.1, "plan_ms": 2.1, "run_ms": 6177.4, "assemble_ms": 153.4, "total_ms": 8772.7}, "blocks": 166, "tables": 0, "images": 3, "pages": 9, "ocr": null, "route": "docling", "dom_key": "dom/d-237df778088d69ee/dom-v0.1.0.docJSON", "raw_key": "raw/237df778088d69eec2992fad05a631a9f2094c8ae73c34fa7af419ecab66e1d6.pdf"}
OK   PMC12012498.pdf              pdf        pages=9   blocks=166  tables=0   route=docling
      timings: detect_ms=0.0ms  route_ms=2422.2ms  scan_ms=17.1ms  plan_ms=2.1ms  run_ms=6177.4ms  assemble_ms=153.4ms  total_ms=8772.7ms  total=8772.7ms
[event] {"event": "document.parsed.v1", "time": "1789322139.639", "document_id": "d-4360c965c77ed108", "parser_version": "parser-v0.1.0", "type": "pdf", "probe": "magic", "sha256": "4360c965c77ed10833d4f406a75b8c524486eaec64c7242c161619c0813488e1", "expected_pages": 42, "actual_pages": 42, "assembly_status": "ok", "elapsed_ms": 5843.7, "timings": {"detect_ms": 0.0, "route_ms": 1273.7, "scan_ms": 9.4, "plan_ms": 2.1, "run_ms": 4205.3, "assemble_ms": 351.1, "total_ms": 5843.7}, "blocks": 523, "tables": 1, "images": 10, "pages": 42, "ocr": null, "route": "enrichment", "dom_key": "dom/d-4360c965c77ed108/dom-v0.1.0.docJSON", "raw_key": "raw/4360c965c77ed10833d4f406a75b8c524486eaec64c7242c161619c0813488e1.pdf"}
OK   PMC12034030.pdf              pdf        pages=42  blocks=523  tables=1   route=enrichment
      timings: detect_ms=0.0ms  route_ms=1273.7ms  scan_ms=9.4ms  plan_ms=2.1ms  run_ms=4205.3ms  assemble_ms=351.1ms  total_ms=5843.7ms  total=5843.7ms
[event] {"event": "document.parsed.v1", "time": "1789322145.604", "document_id": "d-e97e99ab3d38aa1c", "parser_version": "parser-v0.1.0", "type": "pdf", "probe": "magic", "sha256": "e97e99ab3d38aa1cd7f8e55bd9aa9e44db477e6e7aa72b5f4a1a519886c821cd", "expected_pages": 7, "actual_pages": 7, "assembly_status": "ok", "elapsed_ms": 5961.4, "timings": {"detect_ms": 0.0, "route_ms": 732.5, "scan_ms": 16.8, "plan_ms": 1.9, "run_ms": 5096.9, "assemble_ms": 112.7, "total_ms": 5961.4}, "blocks": 106, "tables": 0, "images": 4, "pages": 7, "ocr": null, "route": "docling", "dom_key": "dom/d-e97e99ab3d38aa1c/dom-v0.1.0.docJSON", "raw_key": "raw/e97e99ab3d38aa1cd7f8e55bd9aa9e44db477e6e7aa72b5f4a1a519886c821cd.pdf"}
OK   PMC12037523.pdf              pdf        pages=7   blocks=106  tables=0   route=docling
      timings: detect_ms=0.0ms  route_ms=732.5ms  scan_ms=16.8ms  plan_ms=1.9ms  run_ms=5096.9ms  assemble_ms=112.7ms  total_ms=5961.4ms  total=5961.4ms
[event] {"event": "document.parsed.v1", "time": "1789322157.807", "document_id": "d-d658d911b73499ed", "parser_version": "parser-v0.1.0", "type": "pdf", "probe": "magic", "sha256": "d658d911b73499ed9fc7ab7c0b35089defd8e70e8695d34d5680c9bc845b5695", "expected_pages": 8, "actual_pages": 8, "assembly_status": "ok", "elapsed_ms": 12194.9, "timings": {"detect_ms": 0.0, "route_ms": 804.0, "scan_ms": 5.1, "plan_ms": 2.1, "run_ms": 11165.7, "assemble_ms": 216.0, "total_ms": 12194.9}, "blocks": 74, "tables": 1, "images": 11, "pages": 8, "ocr": null, "route": "docling", "dom_key": "dom/d-d658d911b73499ed/dom-v0.1.0.docJSON", "raw_key": "raw/d658d911b73499ed9fc7ab7c0b35089defd8e70e8695d34d5680c9bc845b5695.pdf"}
OK   PMC12039463.pdf              pdf        pages=8   blocks=74   tables=1   route=docling
      timings: detect_ms=0.0ms  route_ms=804.0ms  scan_ms=5.1ms  plan_ms=2.1ms  run_ms=11165.7ms  assemble_ms=216.0ms  total_ms=12194.9ms  total=12194.9ms
[event] {"event": "document.parsed.v1", "time": "1789322176.675", "document_id": "d-ee8292ddad256f76", "parser_version": "parser-v0.1.0", "type": "pdf", "probe": "magic", "sha256": "ee8292ddad256f76a92da04ae5339ec21b71b86b97425227f227591b027d173b", "expected_pages": 14, "actual_pages": 14, "assembly_status": "ok", "elapsed_ms": 18863.5, "timings": {"detect_ms": 0.0, "route_ms": 975.4, "scan_ms": 5.8, "plan_ms": 1.9, "run_ms": 17687.7, "assemble_ms": 191.6, "total_ms": 18863.5}, "blocks": 169, "tables": 8, "images": 3, "pages": 14, "ocr": null, "route": "docling", "dom_key": "dom/d-ee8292ddad256f76/dom-v0.1.0.docJSON", "raw_key": "raw/ee8292ddad256f76a92da04ae5339ec21b71b86b97425227f227591b027d173b.pdf"}
OK   PMC12060337.pdf              pdf        pages=14  blocks=169  tables=8   route=docling
      timings: detect_ms=0.0ms  route_ms=975.4ms  scan_ms=5.8ms  plan_ms=1.9ms  run_ms=17687.7ms  assemble_ms=191.6ms  total_ms=18863.5ms  total=18863.5ms
[event] {"event": "document.parsed.v1", "time": "1789322185.882", "document_id": "d-4c9f5812c6434f32", "parser_version": "parser-v0.1.0", "type": "pdf", "probe": "magic", "sha256": "4c9f5812c6434f32fb3cd8a5167f5150301e3a7a5c052ccaca6ba02a5aec87ea", "expected_pages": 9, "actual_pages": 9, "assembly_status": "ok", "elapsed_ms": 9205.4, "timings": {"detect_ms": 0.0, "route_ms": 704.4, "scan_ms": 2.9, "plan_ms": 2.3, "run_ms": 8395.1, "assemble_ms": 100.2, "total_ms": 9205.4}, "blocks": 121, "tables": 2, "images": 5, "pages": 9, "ocr": null, "route": "docling", "dom_key": "dom/d-4c9f5812c6434f32/dom-v0.1.0.docJSON", "raw_key": "raw/4c9f5812c6434f32fb3cd8a5167f5150301e3a7a5c052ccaca6ba02a5aec87ea.pdf"}
OK   PMC12062599.pdf              pdf        pages=9   blocks=121  tables=2   route=docling
      timings: detect_ms=0.0ms  route_ms=704.4ms  scan_ms=2.9ms  plan_ms=2.3ms  run_ms=8395.1ms  assemble_ms=100.2ms  total_ms=9205.4ms  total=9205.4ms
[event] {"event": "document.parsed.v1", "time": "1789322199.499", "document_id": "d-6e550cc3aab689d7", "parser_version": "parser-v0.1.0", "type": "pdf", "probe": "magic", "sha256": "6e550cc3aab689d7498dab613ae545d388ac0702ad234fa435542767b5717114", "expected_pages": 18, "actual_pages": 18, "assembly_status": "ok", "elapsed_ms": 13613.6, "timings": {"detect_ms": 0.0, "route_ms": 1089.4, "scan_ms": 20.9, "plan_ms": 2.5, "run_ms": 12235.3, "assemble_ms": 264.4, "total_ms": 13613.6}, "blocks": 328, "tables": 1, "images": 7, "pages": 18, "ocr": null, "route": "docling", "dom_key": "dom/d-6e550cc3aab689d7/dom-v0.1.0.docJSON", "raw_key": "raw/6e550cc3aab689d7498dab613ae545d388ac0702ad234fa435542767b5717114.pdf"}
OK   PMC12084665.pdf              pdf        pages=18  blocks=328  tables=1   route=docling
      timings: detect_ms=0.0ms  route_ms=1089.4ms  scan_ms=20.9ms  plan_ms=2.5ms  run_ms=12235.3ms  assemble_ms=264.4ms  total_ms=13613.6ms  total=13613.6ms
[event] {"event": "document.parsed.v1", "time": "1789322210.284", "document_id": "d-045345c5870c61fc", "parser_version": "parser-v0.1.0", "type": "pdf", "probe": "magic", "sha256": "045345c5870c61fc18d56aeb13544fab173e2e1aa015d757fe8389cc3398eefb", "expected_pages": 7, "actual_pages": 7, "assembly_status": "ok", "elapsed_ms": 10782.7, "timings": {"detect_ms": 0.0, "route_ms": 3873.9, "scan_ms": 2.3, "plan_ms": 2.4, "run_ms": 6763.7, "assemble_ms": 139.9, "total_ms": 10782.7}, "blocks": 123, "tables": 0, "images": 3, "pages": 7, "ocr": null, "route": "docling", "dom_key": "dom/d-045345c5870c61fc/dom-v0.1.0.docJSON", "raw_key": "raw/045345c5870c61fc18d56aeb13544fab173e2e1aa015d757fe8389cc3398eefb.pdf"}
OK   PMC12085213.pdf              pdf        pages=7   blocks=123  tables=0   route=docling
      timings: detect_ms=0.0ms  route_ms=3873.9ms  scan_ms=2.3ms  plan_ms=2.4ms  run_ms=6763.7ms  assemble_ms=139.9ms  total_ms=10782.7ms  total=10782.7ms
[event] {"event": "document.parsed.v1", "time": "1789322223.950", "document_id": "d-4af0d3044821ec0e", "parser_version": "parser-v0.1.0", "type": "pdf", "probe": "magic", "sha256": "4af0d3044821ec0eb099568c3cb1a43980d6c16bdcdef8508db70b496a637b91", "expected_pages": 11, "actual_pages": 11, "assembly_status": "ok", "elapsed_ms": 13663.8, "timings": {"detect_ms": 0.0, "route_ms": 941.7, "scan_ms": 3.9, "plan_ms": 4.2, "run_ms": 12554.5, "assemble_ms": 159.2, "total_ms": 13663.8}, "blocks": 199, "tables": 4, "images": 1, "pages": 11, "ocr": null, "route": "docling", "dom_key": "dom/d-4af0d3044821ec0e/dom-v0.1.0.docJSON", "raw_key": "raw/4af0d3044821ec0eb099568c3cb1a43980d6c16bdcdef8508db70b496a637b91.pdf"}
OK   PMC12105954.pdf              pdf        pages=11  blocks=199  tables=4   route=docling
      timings: detect_ms=0.0ms  route_ms=941.7ms  scan_ms=3.9ms  plan_ms=4.2ms  run_ms=12554.5ms  assemble_ms=159.2ms  total_ms=13663.8ms  total=13663.8ms
[event] {"event": "document.parsed.v1", "time": "1789322239.885", "document_id": "d-b614f6b8c8ab7fb9", "parser_version": "parser-v0.1.0", "type": "pdf", "probe": "magic", "sha256": "b614f6b8c8ab7fb9ec5667de6d751b59c3ba41228f783849d2ac3ed9b6387a89", "expected_pages": 8, "actual_pages": 8, "assembly_status": "ok", "elapsed_ms": 15932.9, "timings": {"detect_ms": 0.0, "route_ms": 736.9, "scan_ms": 17.3, "plan_ms": 1.9, "run_ms": 15042.0, "assemble_ms": 134.1, "total_ms": 15932.9}, "blocks": 111, "tables": 3, "images": 2, "pages": 8, "ocr": null, "route": "docling", "dom_key": "dom/d-b614f6b8c8ab7fb9/dom-v0.1.0.docJSON", "raw_key": "raw/b614f6b8c8ab7fb9ec5667de6d751b59c3ba41228f783849d2ac3ed9b6387a89.pdf"}
OK   PMC12127945.pdf              pdf        pages=8   blocks=111  tables=3   route=docling
      timings: detect_ms=0.0ms  route_ms=736.9ms  scan_ms=17.3ms  plan_ms=1.9ms  run_ms=15042.0ms  assemble_ms=134.1ms  total_ms=15932.9ms  total=15932.9ms
[event] {"event": "document.parsed.v1", "time": "1789322247.283", "document_id": "d-0bb977becb1571fb", "parser_version": "parser-v0.1.0", "type": "pdf", "probe": "magic", "sha256": "0bb977becb1571fbd08bc418337a4e5eb82e1bfb97e9d4eeb04b8de030bb431b", "expected_pages": 24, "actual_pages": 24, "assembly_status": "ok", "elapsed_ms": 7393.6, "timings": {"detect_ms": 0.0, "route_ms": 982.5, "scan_ms": 11.2, "plan_ms": 2.9, "run_ms": 6105.3, "assemble_ms": 290.6, "total_ms": 7393.6}, "blocks": 497, "tables": 9, "images": 6, "pages": 24, "ocr": null, "route": "enrichment", "dom_key": "dom/d-0bb977becb1571fb/dom-v0.1.0.docJSON", "raw_key": "raw/0bb977becb1571fbd08bc418337a4e5eb82e1bfb97e9d4eeb04b8de030bb431b.pdf"}
OK   PMC12136301.pdf              pdf        pages=24  blocks=497  tables=9   route=enrichment
      timings: detect_ms=0.0ms  route_ms=982.5ms  scan_ms=11.2ms  plan_ms=2.9ms  run_ms=6105.3ms  assemble_ms=290.6ms  total_ms=7393.6ms  total=7393.6ms
[event] {"event": "document.parsed.v1", "time": "1789322252.077", "document_id": "d-1318053f0f40fa3d", "parser_version": "parser-v0.1.0", "type": "pdf", "probe": "magic", "sha256": "1318053f0f40fa3d2411ce99b53b1b4cd1e6dbeed73954290f251cc621987c0b", "expected_pages": 3, "actual_pages": 3, "assembly_status": "ok", "elapsed_ms": 4790.3, "timings": {"detect_ms": 0.0, "route_ms": 624.9, "scan_ms": 3.6, "plan_ms": 2.1, "run_ms": 4021.2, "assemble_ms": 137.4, "total_ms": 4790.3}, "blocks": 82, "tables": 1, "images": 6, "pages": 3, "ocr": null, "route": "docling", "dom_key": "dom/d-1318053f0f40fa3d/dom-v0.1.0.docJSON", "raw_key": "raw/1318053f0f40fa3d2411ce99b53b1b4cd1e6dbeed73954290f251cc621987c0b.pdf"}
OK   PMC12142542.pdf              pdf        pages=3   blocks=82   tables=1   route=docling
      timings: detect_ms=0.0ms  route_ms=624.9ms  scan_ms=3.6ms  plan_ms=2.1ms  run_ms=4021.2ms  assemble_ms=137.4ms  total_ms=4790.3ms  total=4790.3ms
[event] {"event": "document.parsed.v1", "time": "1789322258.607", "document_id": "d-9b8253822cfcaf56", "parser_version": "parser-v0.1.0", "type": "pdf", "probe": "magic", "sha256": "9b8253822cfcaf5637d727bfa7d7170b23f5d2372abf4720ddacd51ba43b7754", "expected_pages": 8, "actual_pages": 8, "assembly_status": "ok", "elapsed_ms": 6526.6, "timings": {"detect_ms": 0.0, "route_ms": 955.7, "scan_ms": 17.9, "plan_ms": 2.6, "run_ms": 5421.0, "assemble_ms": 128.9, "total_ms": 6526.6}, "blocks": 154, "tables": 1, "images": 3, "pages": 8, "ocr": null, "route": "docling", "dom_key": "dom/d-9b8253822cfcaf56/dom-v0.1.0.docJSON", "raw_key": "raw/9b8253822cfcaf5637d727bfa7d7170b23f5d2372abf4720ddacd51ba43b7754.pdf"}
OK   PMC12146309.pdf              pdf        pages=8   blocks=154  tables=1   route=docling
      timings: detect_ms=0.0ms  route_ms=955.7ms  scan_ms=17.9ms  plan_ms=2.6ms  run_ms=5421.0ms  assemble_ms=128.9ms  total_ms=6526.6ms  total=6526.6ms
[event] {"event": "document.parsed.v1", "time": "1789322271.243", "document_id": "d-6260ebe258c0cd71", "parser_version": "parser-v0.1.0", "type": "pdf", "probe": "magic", "sha256": "6260ebe258c0cd71751dfaaf1d49f7e82b2e7dc742d78d537cf69968c5b1216a", "expected_pages": 13, "actual_pages": 13, "assembly_status": "ok", "elapsed_ms": 12633.7, "timings": {"detect_ms": 0.0, "route_ms": 911.3, "scan_ms": 5.4, "plan_ms": 2.2, "run_ms": 11427.0, "assemble_ms": 287.2, "total_ms": 12633.7}, "blocks": 275, "tables": 0, "images": 12, "pages": 13, "ocr": null, "route": "docling", "dom_key": "dom/d-6260ebe258c0cd71/dom-v0.1.0.docJSON", "raw_key": "raw/6260ebe258c0cd71751dfaaf1d49f7e82b2e7dc742d78d537cf69968c5b1216a.pdf"}
OK   PMC12148987.pdf              pdf        pages=13  blocks=275  tables=0   route=docling
      timings: detect_ms=0.0ms  route_ms=911.3ms  scan_ms=5.4ms  plan_ms=2.2ms  run_ms=11427.0ms  assemble_ms=287.2ms  total_ms=12633.7ms  total=12633.7ms
[33m[WARNING] 2026-09-13 23:27:54,442 [RapidOCR] main.py:132: The text detection result is empty[0m
RapidOCR returned empty result!
[event] {"event": "document.parsed.v1", "time": "1789322277.944", "document_id": "d-29054f1779ed1b8a", "parser_version": "parser-v0.1.0", "type": "pdf", "probe": "magic", "sha256": "29054f1779ed1b8abb85422131bf16f94bf84607da10ccb77b44169b1f563013", "expected_pages": 9, "actual_pages": 9, "assembly_status": "ok", "elapsed_ms": 6698.1, "timings": {"detect_ms": 0.0, "route_ms": 906.2, "scan_ms": 3.5, "plan_ms": 2.0, "run_ms": 5651.7, "assemble_ms": 134.1, "total_ms": 6698.1}, "blocks": 158, "tables": 0, "images": 5, "pages": 9, "ocr": null, "route": "docling", "dom_key": "dom/d-29054f1779ed1b8a/dom-v0.1.0.docJSON", "raw_key": "raw/29054f1779ed1b8abb85422131bf16f94bf84607da10ccb77b44169b1f563013.pdf"}
OK   PMC12158961.pdf              pdf        pages=9   blocks=158  tables=0   route=docling
      timings: detect_ms=0.0ms  route_ms=906.2ms  scan_ms=3.5ms  plan_ms=2.0ms  run_ms=5651.7ms  assemble_ms=134.1ms  total_ms=6698.1ms  total=6698.1ms
[event] {"event": "document.parsed.v1", "time": "1789322282.366", "document_id": "d-db170a91326befe3", "parser_version": "parser-v0.1.0", "type": "pdf", "probe": "magic", "sha256": "db170a91326befe385e47511e1086583b1b57b596de23795cabee0c114b37cc0", "expected_pages": 16, "actual_pages": 16, "assembly_status": "ok", "elapsed_ms": 4417.9, "timings": {"detect_ms": 0.0, "route_ms": 1280.9, "scan_ms": 19.3, "plan_ms": 2.8, "run_ms": 2886.9, "assemble_ms": 226.6, "total_ms": 4417.9}, "blocks": 410, "tables": 3, "images": 6, "pages": 16, "ocr": null, "route": "enrichment", "dom_key": "dom/d-db170a91326befe3/dom-v0.1.0.docJSON", "raw_key": "raw/db170a91326befe385e47511e1086583b1b57b596de23795cabee0c114b37cc0.pdf"}
OK   PMC12165386.pdf              pdf        pages=16  blocks=410  tables=3   route=enrichment
      timings: detect_ms=0.0ms  route_ms=1280.9ms  scan_ms=19.3ms  plan_ms=2.8ms  run_ms=2886.9ms  assemble_ms=226.6ms  total_ms=4417.9ms  total=4417.9ms
[event] {"event": "document.parsed.v1", "time": "1789322288.103", "document_id": "d-9d075c4932185b52", "parser_version": "parser-v0.1.0", "type": "pdf", "probe": "magic", "sha256": "9d075c4932185b52a18656bacc2ee12d9a8020c92362514932c8ac56515126df", "expected_pages": 8, "actual_pages": 8, "assembly_status": "ok", "elapsed_ms": 5733.3, "timings": {"detect_ms": 0.0, "route_ms": 793.9, "scan_ms": 4.8, "plan_ms": 2.1, "run_ms": 4819.0, "assemble_ms": 113.0, "total_ms": 5733.3}, "blocks": 148, "tables": 0, "images": 3, "pages": 8, "ocr": null, "route": "docling", "dom_key": "dom/d-9d075c4932185b52/dom-v0.1.0.docJSON", "raw_key": "raw/9d075c4932185b52a18656bacc2ee12d9a8020c92362514932c8ac56515126df.pdf"}
OK   PMC12170550.pdf              pdf        pages=8   blocks=148  tables=0   route=docling
      timings: detect_ms=0.0ms  route_ms=793.9ms  scan_ms=4.8ms  plan_ms=2.1ms  run_ms=4819.0ms  assemble_ms=113.0ms  total_ms=5733.3ms  total=5733.3ms
[event] {"event": "document.parsed.v1", "time": "1789322298.566", "document_id": "d-3285a88093f5adc7", "parser_version": "parser-v0.1.0", "type": "pdf", "probe": "magic", "sha256": "3285a88093f5adc7e602a6fd6f5ca6bdc4da64348e4ec80d43098ff042413599", "expected_pages": 7, "actual_pages": 7, "assembly_status": "ok", "elapsed_ms": 10458.3, "timings": {"detect_ms": 0.0, "route_ms": 664.4, "scan_ms": 4.1, "plan_ms": 2.3, "run_ms": 9632.4, "assemble_ms": 153.8, "total_ms": 10458.3}, "blocks": 82, "tables": 0, "images": 10, "pages": 7, "ocr": null, "route": "docling", "dom_key": "dom/d-3285a88093f5adc7/dom-v0.1.0.docJSON", "raw_key": "raw/3285a88093f5adc7e602a6fd6f5ca6bdc4da64348e4ec80d43098ff042413599.pdf"}
OK   PMC12183524.pdf              pdf        pages=7   blocks=82   tables=0   route=docling
      timings: detect_ms=0.0ms  route_ms=664.4ms  scan_ms=4.1ms  plan_ms=2.3ms  run_ms=9632.4ms  assemble_ms=153.8ms  total_ms=10458.3ms  total=10458.3ms
[event] {"event": "document.parsed.v1", "time": "1789322334.759", "document_id": "d-f3962830952c2b32", "parser_version": "parser-v0.1.0", "type": "pdf", "probe": "magic", "sha256": "f3962830952c2b32be735f8004423f7d97ab53dfa63ee58ae7b10b372cf577e9", "expected_pages": 13, "actual_pages": 13, "assembly_status": "ok", "elapsed_ms": 36189.7, "timings": {"detect_ms": 0.0, "route_ms": 1002.5, "scan_ms": 4.7, "plan_ms": 17.0, "run_ms": 34845.0, "assemble_ms": 319.6, "total_ms": 36189.7}, "blocks": 165, "tables": 13, "images": 18, "pages": 13, "ocr": null, "route": "docling", "dom_key": "dom/d-f3962830952c2b32/dom-v0.1.0.docJSON", "raw_key": "raw/f3962830952c2b32be735f8004423f7d97ab53dfa63ee58ae7b10b372cf577e9.pdf"}
OK   PMC12204919.pdf              pdf        pages=13  blocks=165  tables=13  route=docling
      timings: detect_ms=0.0ms  route_ms=1002.5ms  scan_ms=4.7ms  plan_ms=17.0ms  run_ms=34845.0ms  assemble_ms=319.6ms  total_ms=36189.7ms  total=36189.7ms
[33m[WARNING] 2026-09-13 23:29:00,051 [RapidOCR] main.py:132: The text detection result is empty[0m
RapidOCR returned empty result!
[event] {"event": "document.parsed.v1", "time": "1789322341.983", "document_id": "d-59f3d2c8e3ba1be5", "parser_version": "parser-v0.1.0", "type": "pdf", "probe": "magic", "sha256": "59f3d2c8e3ba1be5c5e2f2c26c614ee281ca751cd1f574f8a8ef94831ced2a1f", "expected_pages": 5, "actual_pages": 5, "assembly_status": "ok", "elapsed_ms": 7219.5, "timings": {"detect_ms": 0.0, "route_ms": 671.3, "scan_ms": 4.2, "plan_ms": 2.4, "run_ms": 6435.7, "assemble_ms": 104.5, "total_ms": 7219.5}, "blocks": 60, "tables": 0, "images": 6, "pages": 5, "ocr": null, "route": "docling", "dom_key": "dom/d-59f3d2c8e3ba1be5/dom-v0.1.0.docJSON", "raw_key": "raw/59f3d2c8e3ba1be5c5e2f2c26c614ee281ca751cd1f574f8a8ef94831ced2a1f.pdf"}
OK   PMC12205544.pdf              pdf        pages=5   blocks=60   tables=0   route=docling
      timings: detect_ms=0.0ms  route_ms=671.3ms  scan_ms=4.2ms  plan_ms=2.4ms  run_ms=6435.7ms  assemble_ms=104.5ms  total_ms=7219.5ms  total=7219.5ms
[event] {"event": "document.parsed.v1", "time": "1789322359.614", "document_id": "d-7d7345c0a1e9ea5f", "parser_version": "parser-v0.1.0", "type": "pdf", "probe": "magic", "sha256": "7d7345c0a1e9ea5fb9629bd72ee7b303a12817261e315cff7104773b2d81ddf2", "expected_pages": 13, "actual_pages": 13, "assembly_status": "ok", "elapsed_ms": 17627.2, "timings": {"detect_ms": 0.0, "route_ms": 1352.8, "scan_ms": 7.2, "plan_ms": 2.2, "run_ms": 15998.6, "assemble_ms": 265.6, "total_ms": 17627.2}, "blocks": 267, "tables": 6, "images": 9, "pages": 13, "ocr": null, "route": "docling", "dom_key": "dom/d-7d7345c0a1e9ea5f/dom-v0.1.0.docJSON", "raw_key": "raw/7d7345c0a1e9ea5fb9629bd72ee7b303a12817261e315cff7104773b2d81ddf2.pdf"}
OK   PMC12209860.pdf              pdf        pages=13  blocks=267  tables=6   route=docling
      timings: detect_ms=0.0ms  route_ms=1352.8ms  scan_ms=7.2ms  plan_ms=2.2ms  run_ms=15998.6ms  assemble_ms=265.6ms  total_ms=17627.2ms  total=17627.2ms
[event] {"event": "document.parsed.v1", "time": "1789322392.164", "document_id": "d-d8060798bc45f2b8", "parser_version": "parser-v0.1.0", "type": "pdf", "probe": "magic", "sha256": "d8060798bc45f2b8089e3423820c058596664e0f6fa43df3456da0d950899118", "expected_pages": 35, "actual_pages": 35, "assembly_status": "ok", "elapsed_ms": 32546.8, "timings": {"detect_ms": 0.0, "route_ms": 2207.9, "scan_ms": 18.3, "plan_ms": 2.3, "run_ms": 29850.0, "assemble_ms": 467.2, "total_ms": 32546.8}, "blocks": 629, "tables": 3, "images": 20, "pages": 35, "ocr": null, "route": "docling", "dom_key": "dom/d-d8060798bc45f2b8/dom-v0.1.0.docJSON", "raw_key": "raw/d8060798bc45f2b8089e3423820c058596664e0f6fa43df3456da0d950899118.pdf"}
OK   PMC12230268.pdf              pdf        pages=35  blocks=629  tables=3   route=docling
      timings: detect_ms=0.0ms  route_ms=2207.9ms  scan_ms=18.3ms  plan_ms=2.3ms  run_ms=29850.0ms  assemble_ms=467.2ms  total_ms=32546.8ms  total=32546.8ms
RapidOCR returned empty result!
RapidOCR returned empty result!
[33m[WARNING] 2026-09-13 23:29:57,375 [RapidOCR] main.py:132: The text detection result is empty[0m
RapidOCR returned empty result!
[33m[WARNING] 2026-09-13 23:29:57,601 [RapidOCR] main.py:132: The text detection result is empty[0m
RapidOCR returned empty result!
[event] {"event": "document.parsed.v1", "time": "1789322398.556", "document_id": "d-e1054c8cd66d1ba5", "parser_version": "parser-v0.1.0", "type": "pdf", "probe": "magic", "sha256": "e1054c8cd66d1ba5f7f00e63bddae41e5db1203786857365d76d00b406207d97", "expected_pages": 4, "actual_pages": 4, "assembly_status": "ok", "elapsed_ms": 6387.3, "timings": {"detect_ms": 0.0, "route_ms": 648.8, "scan_ms": 3.6, "plan_ms": 2.2, "run_ms": 5614.5, "assemble_ms": 117.2, "total_ms": 6387.3}, "blocks": 64, "tables": 0, "images": 10, "pages": 4, "ocr": null, "route": "docling", "dom_key": "dom/d-e1054c8cd66d1ba5/dom-v0.1.0.docJSON", "raw_key": "raw/e1054c8cd66d1ba5f7f00e63bddae41e5db1203786857365d76d00b406207d97.pdf"}
OK   PMC12231575.pdf              pdf        pages=4   blocks=64   tables=0   route=docling
      timings: detect_ms=0.0ms  route_ms=648.8ms  scan_ms=3.6ms  plan_ms=2.2ms  run_ms=5614.5ms  assemble_ms=117.2ms  total_ms=6387.3ms  total=6387.3ms
[event] {"event": "document.parsed.v1", "time": "1789322422.541", "document_id": "d-a7daa52af9fc161a", "parser_version": "parser-v0.1.0", "type": "pdf", "probe": "magic", "sha256": "a7daa52af9fc161a6acc917df26b41a0b43a5aa122d7ebf4429ebf66a2b9d951", "expected_pages": 14, "actual_pages": 14, "assembly_status": "ok", "elapsed_ms": 23976.3, "timings": {"detect_ms": 0.0, "route_ms": 1619.8, "scan_ms": 8.1, "plan_ms": 2.2, "run_ms": 22072.2, "assemble_ms": 271.4, "total_ms": 23976.3}, "blocks": 164, "tables": 3, "images": 10, "pages": 14, "ocr": null, "route": "docling", "dom_key": "dom/d-a7daa52af9fc161a/dom-v0.1.0.docJSON", "raw_key": "raw/a7daa52af9fc161a6acc917df26b41a0b43a5aa122d7ebf4429ebf66a2b9d951.pdf"}
OK   PMC12232211.pdf              pdf        pages=14  blocks=164  tables=3   route=docling
      timings: detect_ms=0.0ms  route_ms=1619.8ms  scan_ms=8.1ms  plan_ms=2.2ms  run_ms=22072.2ms  assemble_ms=271.4ms  total_ms=23976.3ms  total=23976.3ms
[event] {"event": "document.parsed.v1", "time": "1789322424.887", "document_id": "d-1210c5052e1f9320", "parser_version": "parser-v0.1.0", "type": "pdf", "probe": "magic", "sha256": "1210c5052e1f932039de69cc598592be9a8ad0e297e977b872314c990d1cf95e", "expected_pages": 5, "actual_pages": 5, "assembly_status": "ok", "elapsed_ms": 2343.6, "timings": {"detect_ms": 0.0, "route_ms": 887.9, "scan_ms": 5.1, "plan_ms": 2.2, "run_ms": 1334.1, "assemble_ms": 113.3, "total_ms": 2343.6}, "blocks": 56, "tables": 0, "images": 6, "pages": 5, "ocr": null, "route": "enrichment", "dom_key": "dom/d-1210c5052e1f9320/dom-v0.1.0.docJSON", "raw_key": "raw/1210c5052e1f932039de69cc598592be9a8ad0e297e977b872314c990d1cf95e.pdf"}
OK   PMC12233009.pdf              pdf        pages=5   blocks=56   tables=0   route=enrichment
      timings: detect_ms=0.0ms  route_ms=887.9ms  scan_ms=5.1ms  plan_ms=2.2ms  run_ms=1334.1ms  assemble_ms=113.3ms  total_ms=2343.6ms  total=2343.6ms
[33m[WARNING] 2026-09-13 23:30:30,668 [RapidOCR] main.py:132: The text detection result is empty[0m
RapidOCR returned empty result!
[33m[WARNING] 2026-09-13 23:30:30,969 [RapidOCR] main.py:132: The text detection result is empty[0m
RapidOCR returned empty result!
[33m[WARNING] 2026-09-13 23:30:34,469 [RapidOCR] main.py:132: The text detection result is empty[0m
RapidOCR returned empty result!
[event] {"event": "document.parsed.v1", "time": "1789322472.845", "document_id": "d-d73c4fda6308d69e", "parser_version": "parser-v0.1.0", "type": "pdf", "probe": "magic", "sha256": "d73c4fda6308d69ef5f31066d8d55c8accb9b34e9203e1fcc08cd15c4f5416eb", "expected_pages": 21, "actual_pages": 21, "assembly_status": "ok", "elapsed_ms": 47943.9, "timings": {"detect_ms": 0.0, "route_ms": 3813.0, "scan_ms": 23.0, "plan_ms": 2.0, "run_ms": 43626.1, "assemble_ms": 474.4, "total_ms": 47943.9}, "blocks": 227, "tables": 0, "images": 28, "pages": 21, "ocr": null, "route": "docling", "dom_key": "dom/d-d73c4fda6308d69e/dom-v0.1.0.docJSON", "raw_key": "raw/d73c4fda6308d69ef5f31066d8d55c8accb9b34e9203e1fcc08cd15c4f5416eb.pdf"}
OK   PMC12238675.pdf              pdf        pages=21  blocks=227  tables=0   route=docling
      timings: detect_ms=0.0ms  route_ms=3813.0ms  scan_ms=23.0ms  plan_ms=2.0ms  run_ms=43626.1ms  assemble_ms=474.4ms  total_ms=47943.9ms  total=47943.9ms
RapidOCR returned empty result!
[33m[WARNING] 2026-09-13 23:31:18,828 [RapidOCR] main.py:132: The text detection result is empty[0m
RapidOCR returned empty result!
RapidOCR returned empty result!
[33m[WARNING] 2026-09-13 23:31:22,948 [RapidOCR] main.py:132: The text detection result is empty[0m
RapidOCR returned empty result!
RapidOCR returned empty result!
[event] {"event": "document.parsed.v1", "time": "1789322483.700", "document_id": "d-fbdd14f83a2c85d1", "parser_version": "parser-v0.1.0", "type": "pdf", "probe": "magic", "sha256": "fbdd14f83a2c85d1e8bc4df38b63a964c673157bf3692bbf5febd52ee08ff21d", "expected_pages": 5, "actual_pages": 5, "assembly_status": "ok", "elapsed_ms": 10844.8, "timings": {"detect_ms": 0.0, "route_ms": 1471.4, "scan_ms": 7.9, "plan_ms": 2.2, "run_ms": 9210.7, "assemble_ms": 149.2, "total_ms": 10844.8}, "blocks": 67, "tables": 1, "images": 9, "pages": 5, "ocr": null, "route": "docling", "dom_key": "dom/d-fbdd14f83a2c85d1/dom-v0.1.0.docJSON", "raw_key": "raw/fbdd14f83a2c85d1e8bc4df38b63a964c673157bf3692bbf5febd52ee08ff21d.pdf"}
OK   PMC12239123.pdf              pdf        pages=5   blocks=67   tables=1   route=docling
      timings: detect_ms=0.0ms  route_ms=1471.4ms  scan_ms=7.9ms  plan_ms=2.2ms  run_ms=9210.7ms  assemble_ms=149.2ms  total_ms=10844.8ms  total=10844.8ms
[event] {"event": "document.parsed.v1", "time": "1789322488.638", "document_id": "d-2ca808a137f1fc7a", "parser_version": "parser-v0.1.0", "type": "pdf", "probe": "magic", "sha256": "2ca808a137f1fc7aec0cb445dc8519bdc22ee999e3bf6c9d758f90f1b199b195", "expected_pages": 6, "actual_pages": 6, "assembly_status": "ok", "elapsed_ms": 4934.8, "timings": {"detect_ms": 0.0, "route_ms": 642.5, "scan_ms": 4.7, "plan_ms": 2.5, "run_ms": 4179.0, "assemble_ms": 105.2, "total_ms": 4934.8}, "blocks": 74, "tables": 1, "images": 2, "pages": 6, "ocr": null, "route": "docling", "dom_key": "dom/d-2ca808a137f1fc7a/dom-v0.1.0.docJSON", "raw_key": "raw/2ca808a137f1fc7aec0cb445dc8519bdc22ee999e3bf6c9d758f90f1b199b195.pdf"}
OK   PMC12240162.pdf              pdf        pages=6   blocks=74   tables=1   route=docling
      timings: detect_ms=0.0ms  route_ms=642.5ms  scan_ms=4.7ms  plan_ms=2.5ms  run_ms=4179.0ms  assemble_ms=105.2ms  total_ms=4934.8ms  total=4934.8ms
[event] {"event": "document.parsed.v1", "time": "1789322496.726", "document_id": "d-540542f0721186ed", "parser_version": "parser-v0.1.0", "type": "pdf", "probe": "magic", "sha256": "540542f0721186ed24c28116d3d6c235977377059de6dee38792afb65b60eac0", "expected_pages": 13, "actual_pages": 13, "assembly_status": "ok", "elapsed_ms": 8084.3, "timings": {"detect_ms": 0.0, "route_ms": 725.9, "scan_ms": 5.9, "plan_ms": 3.3, "run_ms": 7197.4, "assemble_ms": 151.0, "total_ms": 8084.3}, "blocks": 178, "tables": 1, "images": 2, "pages": 13, "ocr": null, "route": "docling", "dom_key": "dom/d-540542f0721186ed/dom-v0.1.0.docJSON", "raw_key": "raw/540542f0721186ed24c28116d3d6c235977377059de6dee38792afb65b60eac0.pdf"}
OK   PMC12245583.pdf              pdf        pages=13  blocks=178  tables=1   route=docling
      timings: detect_ms=0.0ms  route_ms=725.9ms  scan_ms=5.9ms  plan_ms=3.3ms  run_ms=7197.4ms  assemble_ms=151.0ms  total_ms=8084.3ms  total=8084.3ms
[33m[WARNING] 2026-09-13 23:31:40,866 [RapidOCR] main.py:132: The text detection result is empty[0m
RapidOCR returned empty result!
[event] {"event": "document.parsed.v1", "time": "1789322501.382", "document_id": "d-b7f34c163d7ee3ba", "parser_version": "parser-v0.1.0", "type": "pdf", "probe": "magic", "sha256": "b7f34c163d7ee3baab0991f924f66fb71ceff1f6a14e04675322ad5ce2587485", "expected_pages": 2, "actual_pages": 2, "assembly_status": "ok", "elapsed_ms": 4653.5, "timings": {"detect_ms": 0.0, "route_ms": 477.4, "scan_ms": 3.0, "plan_ms": 2.2, "run_ms": 4054.2, "assemble_ms": 115.9, "total_ms": 4653.5}, "blocks": 30, "tables": 0, "images": 10, "pages": 2, "ocr": null, "route": "docling", "dom_key": "dom/d-b7f34c163d7ee3ba/dom-v0.1.0.docJSON", "raw_key": "raw/b7f34c163d7ee3baab0991f924f66fb71ceff1f6a14e04675322ad5ce2587485.pdf"}
OK   PMC12259341.pdf              pdf        pages=2   blocks=30   tables=0   route=docling
      timings: detect_ms=0.0ms  route_ms=477.4ms  scan_ms=3.0ms  plan_ms=2.2ms  run_ms=4054.2ms  assemble_ms=115.9ms  total_ms=4653.5ms  total=4653.5ms
[event] {"event": "document.parsed.v1", "time": "1789322508.008", "document_id": "d-8f2f30ca19c42df2", "parser_version": "parser-v0.1.0", "type": "pdf", "probe": "magic", "sha256": "8f2f30ca19c42df256ef215502497c4515cf80c8007b79d908043ac87a843508", "expected_pages": 8, "actual_pages": 8, "assembly_status": "ok", "elapsed_ms": 6623.2, "timings": {"detect_ms": 0.0, "route_ms": 849.5, "scan_ms": 11.6, "plan_ms": 1.7, "run_ms": 5637.3, "assemble_ms": 122.6, "total_ms": 6623.2}, "blocks": 133, "tables": 1, "images": 3, "pages": 8, "ocr": null, "route": "docling", "dom_key": "dom/d-8f2f30ca19c42df2/dom-v0.1.0.docJSON", "raw_key": "raw/8f2f30ca19c42df256ef215502497c4515cf80c8007b79d908043ac87a843508.pdf"}
OK   PMC12259592.pdf              pdf        pages=8   blocks=133  tables=1   route=docling
      timings: detect_ms=0.0ms  route_ms=849.5ms  scan_ms=11.6ms  plan_ms=1.7ms  run_ms=5637.3ms  assemble_ms=122.6ms  total_ms=6623.2ms  total=6623.2ms
[event] {"event": "document.parsed.v1", "time": "1789322524.500", "document_id": "d-410c06ede77fb6c4", "parser_version": "parser-v0.1.0", "type": "pdf", "probe": "magic", "sha256": "410c06ede77fb6c4c9c3f72503815efe8ca1fa5bd31c9e508dfc860857eb38a2", "expected_pages": 8, "actual_pages": 8, "assembly_status": "ok", "elapsed_ms": 16489.2, "timings": {"detect_ms": 0.0, "route_ms": 1279.8, "scan_ms": 5.3, "plan_ms": 3.1, "run_ms": 15046.2, "assemble_ms": 154.4, "total_ms": 16489.2}, "blocks": 96, "tables": 3, "images": 4, "pages": 8, "ocr": null, "route": "docling", "dom_key": "dom/d-410c06ede77fb6c4/dom-v0.1.0.docJSON", "raw_key": "raw/410c06ede77fb6c4c9c3f72503815efe8ca1fa5bd31c9e508dfc860857eb38a2.pdf"}
OK   PMC12264332.pdf              pdf        pages=8   blocks=96   tables=3   route=docling
      timings: detect_ms=0.0ms  route_ms=1279.8ms  scan_ms=5.3ms  plan_ms=3.1ms  run_ms=15046.2ms  assemble_ms=154.4ms  total_ms=16489.2ms  total=16489.2ms
[event] {"event": "document.parsed.v1", "time": "1789322533.480", "document_id": "d-d4f7e042a40caba6", "parser_version": "parser-v0.1.0", "type": "pdf", "probe": "magic", "sha256": "d4f7e042a40caba6f80bc16cb984de032f8d62f211a72aa581d8d13f11c43fe4", "expected_pages": 6, "actual_pages": 6, "assembly_status": "ok", "elapsed_ms": 8976.1, "timings": {"detect_ms": 0.0, "route_ms": 578.4, "scan_ms": 17.3, "plan_ms": 2.0, "run_ms": 8233.1, "assemble_ms": 144.4, "total_ms": 8976.1}, "blocks": 97, "tables": 0, "images": 10, "pages": 6, "ocr": null, "route": "docling", "dom_key": "dom/d-d4f7e042a40caba6/dom-v0.1.0.docJSON", "raw_key": "raw/d4f7e042a40caba6f80bc16cb984de032f8d62f211a72aa581d8d13f11c43fe4.pdf"}
OK   PMC12276652.pdf              pdf        pages=6   blocks=97   tables=0   route=docling
      timings: detect_ms=0.0ms  route_ms=578.4ms  scan_ms=17.3ms  plan_ms=2.0ms  run_ms=8233.1ms  assemble_ms=144.4ms  total_ms=8976.1ms  total=8976.1ms
[event] {"event": "document.parsed.v1", "time": "1789322571.003", "document_id": "d-693c6b4bc369bf59", "parser_version": "parser-v0.1.0", "type": "pdf", "probe": "magic", "sha256": "693c6b4bc369bf5917130a209f286c50d5f1a99fe09c04dd858d8746afaf8244", "expected_pages": 19, "actual_pages": 19, "assembly_status": "ok", "elapsed_ms": 37513.4, "timings": {"detect_ms": 0.0, "route_ms": 1782.3, "scan_ms": 21.5, "plan_ms": 2.8, "run_ms": 35286.4, "assemble_ms": 416.9, "total_ms": 37513.4}, "blocks": 258, "tables": 2, "images": 29, "pages": 19, "ocr": null, "route": "docling", "dom_key": "dom/d-693c6b4bc369bf59/dom-v0.1.0.docJSON", "raw_key": "raw/693c6b4bc369bf5917130a209f286c50d5f1a99fe09c04dd858d8746afaf8244.pdf"}
OK   PMC12281215.pdf              pdf        pages=19  blocks=258  tables=2   route=docling
      timings: detect_ms=0.0ms  route_ms=1782.3ms  scan_ms=21.5ms  plan_ms=2.8ms  run_ms=35286.4ms  assemble_ms=416.9ms  total_ms=37513.4ms  total=37513.4ms
[event] {"event": "document.parsed.v1", "time": "1789322577.568", "document_id": "d-e3edf1fa73fa32f2", "parser_version": "parser-v0.1.0", "type": "pdf", "probe": "magic", "sha256": "e3edf1fa73fa32f2fa563015e58e4ccaab657a4ef0f217371ab8f412e5ec21a7", "expected_pages": 6, "actual_pages": 6, "assembly_status": "ok", "elapsed_ms": 6561.3, "timings": {"detect_ms": 0.0, "route_ms": 926.0, "scan_ms": 19.1, "plan_ms": 3.0, "run_ms": 5457.7, "assemble_ms": 154.4, "total_ms": 6561.3}, "blocks": 121, "tables": 0, "images": 6, "pages": 6, "ocr": null, "route": "docling", "dom_key": "dom/d-e3edf1fa73fa32f2/dom-v0.1.0.docJSON", "raw_key": "raw/e3edf1fa73fa32f2fa563015e58e4ccaab657a4ef0f217371ab8f412e5ec21a7.pdf"}
OK   PMC12281453.pdf              pdf        pages=6   blocks=121  tables=0   route=docling
      timings: detect_ms=0.0ms  route_ms=926.0ms  scan_ms=19.1ms  plan_ms=3.0ms  run_ms=5457.7ms  assemble_ms=154.4ms  total_ms=6561.3ms  total=6561.3ms
[event] {"event": "document.parsed.v1", "time": "1789322581.476", "document_id": "d-3f64173e37021388", "parser_version": "parser-v0.1.0", "type": "pdf", "probe": "magic", "sha256": "3f64173e370213883fe2294919cdcc00539f6fa55c8b0ba9cee0ce292631c8c6", "expected_pages": 16, "actual_pages": 16, "assembly_status": "ok", "elapsed_ms": 3902.3, "timings": {"detect_ms": 0.0, "route_ms": 1060.7, "scan_ms": 6.7, "plan_ms": 2.2, "run_ms": 2716.3, "assemble_ms": 115.1, "total_ms": 3902.3}, "blocks": 213, "tables": 0, "images": 6, "pages": 16, "ocr": null, "route": "enrichment", "dom_key": "dom/d-3f64173e37021388/dom-v0.1.0.docJSON", "raw_key": "raw/3f64173e370213883fe2294919cdcc00539f6fa55c8b0ba9cee0ce292631c8c6.pdf"}
OK   PMC12303265.pdf              pdf        pages=16  blocks=213  tables=0   route=enrichment
      timings: detect_ms=0.0ms  route_ms=1060.7ms  scan_ms=6.7ms  plan_ms=2.2ms  run_ms=2716.3ms  assemble_ms=115.1ms  total_ms=3902.3ms  total=3902.3ms
[33m[WARNING] 2026-09-13 23:33:13,155 [RapidOCR] main.py:132: The text detection result is empty[0m
RapidOCR returned empty result!
[33m[WARNING] 2026-09-13 23:33:13,897 [RapidOCR] main.py:132: The text detection result is empty[0m
RapidOCR returned empty result!
RapidOCR returned empty result!
[event] {"event": "document.parsed.v1", "time": "1789322604.714", "document_id": "d-401264e4cfd76ad3", "parser_version": "parser-v0.1.0", "type": "pdf", "probe": "magic", "sha256": "401264e4cfd76ad3d8f9f5ef0c2bcaaf6a1352a75bd564f8cc9aa5197762221e", "expected_pages": 11, "actual_pages": 11, "assembly_status": "ok", "elapsed_ms": 23230.4, "timings": {"detect_ms": 0.0, "route_ms": 2300.4, "scan_ms": 13.8, "plan_ms": 2.2, "run_ms": 20610.4, "assemble_ms": 300.7, "total_ms": 23230.4}, "blocks": 187, "tables": 1, "images": 21, "pages": 11, "ocr": null, "route": "docling", "dom_key": "dom/d-401264e4cfd76ad3/dom-v0.1.0.docJSON", "raw_key": "raw/401264e4cfd76ad3d8f9f5ef0c2bcaaf6a1352a75bd564f8cc9aa5197762221e.pdf"}
OK   PMC12304934.pdf              pdf        pages=11  blocks=187  tables=1   route=docling
      timings: detect_ms=0.0ms  route_ms=2300.4ms  scan_ms=13.8ms  plan_ms=2.2ms  run_ms=20610.4ms  assemble_ms=300.7ms  total_ms=23230.4ms  total=23230.4ms
[event] {"event": "document.parsed.v1", "time": "1789322609.788", "document_id": "d-699c1bdbc29519f2", "parser_version": "parser-v0.1.0", "type": "pdf", "probe": "magic", "sha256": "699c1bdbc29519f2fd5ff0090f758c84faadc4b37fcc9d367db1638392880f6f", "expected_pages": 12, "actual_pages": 12, "assembly_status": "ok", "elapsed_ms": 5064.9, "timings": {"detect_ms": 0.0, "route_ms": 1924.9, "scan_ms": 21.4, "plan_ms": 2.7, "run_ms": 2955.2, "assemble_ms": 157.9, "total_ms": 5064.9}, "blocks": 77, "tables": 0, "images": 7, "pages": 12, "ocr": null, "route": "enrichment", "dom_key": "dom/d-699c1bdbc29519f2/dom-v0.1.0.docJSON", "raw_key": "raw/699c1bdbc29519f2fd5ff0090f758c84faadc4b37fcc9d367db1638392880f6f.pdf"}
OK   PMC12309142.pdf              pdf        pages=12  blocks=77   tables=0   route=enrichment
      timings: detect_ms=0.0ms  route_ms=1924.9ms  scan_ms=21.4ms  plan_ms=2.7ms  run_ms=2955.2ms  assemble_ms=157.9ms  total_ms=5064.9ms  total=5064.9ms
[event] {"event": "document.parsed.v1", "time": "1789322618.630", "document_id": "d-74bc081b4d1ab9ec", "parser_version": "parser-v0.1.0", "type": "pdf", "probe": "magic", "sha256": "74bc081b4d1ab9ecd4cb897db784ff2f6e9e277c1e6fde45d5f53df2174a54fb", "expected_pages": 7, "actual_pages": 7, "assembly_status": "ok", "elapsed_ms": 8839.3, "timings": {"detect_ms": 0.0, "route_ms": 838.2, "scan_ms": 3.3, "plan_ms": 2.4, "run_ms": 7854.5, "assemble_ms": 140.4, "total_ms": 8839.3}, "blocks": 93, "tables": 2, "images": 5, "pages": 7, "ocr": null, "route": "docling", "dom_key": "dom/d-74bc081b4d1ab9ec/dom-v0.1.0.docJSON", "raw_key": "raw/74bc081b4d1ab9ecd4cb897db784ff2f6e9e277c1e6fde45d5f53df2174a54fb.pdf"}
OK   PMC12329354.pdf              pdf        pages=7   blocks=93   tables=2   route=docling
      timings: detect_ms=0.0ms  route_ms=838.2ms  scan_ms=3.3ms  plan_ms=2.4ms  run_ms=7854.5ms  assemble_ms=140.4ms  total_ms=8839.3ms  total=8839.3ms
[event] {"event": "document.parsed.v1", "time": "1789322622.050", "document_id": "d-89dc707c25d1a156", "parser_version": "parser-v0.1.0", "type": "pdf", "probe": "magic", "sha256": "89dc707c25d1a1560fbb613d857d8d7df995437fb6fdaa2c91413d0fcf641179", "expected_pages": 12, "actual_pages": 12, "assembly_status": "ok", "elapsed_ms": 3413.9, "timings": {"detect_ms": 0.0, "route_ms": 1162.6, "scan_ms": 8.8, "plan_ms": 2.4, "run_ms": 2056.2, "assemble_ms": 181.9, "total_ms": 3413.9}, "blocks": 146, "tables": 0, "images": 7, "pages": 12, "ocr": null, "route": "enrichment", "dom_key": "dom/d-89dc707c25d1a156/dom-v0.1.0.docJSON", "raw_key": "raw/89dc707c25d1a1560fbb613d857d8d7df995437fb6fdaa2c91413d0fcf641179.pdf"}
OK   PMC12332991.pdf              pdf        pages=12  blocks=146  tables=0   route=enrichment
      timings: detect_ms=0.0ms  route_ms=1162.6ms  scan_ms=8.8ms  plan_ms=2.4ms  run_ms=2056.2ms  assemble_ms=181.9ms  total_ms=3413.9ms  total=3413.9ms
[event] {"event": "document.parsed.v1", "time": "1789322632.040", "document_id": "d-20eec822e1be93ce", "parser_version": "parser-v0.1.0", "type": "pdf", "probe": "magic", "sha256": "20eec822e1be93ce19d2953292d2076c22a00f63f0ddcc5f8d9ccf35489a23ae", "expected_pages": 8, "actual_pages": 8, "assembly_status": "ok", "elapsed_ms": 9986.4, "timings": {"detect_ms": 0.0, "route_ms": 685.9, "scan_ms": 4.4, "plan_ms": 2.4, "run_ms": 9123.4, "assemble_ms": 169.3, "total_ms": 9986.4}, "blocks": 111, "tables": 3, "images": 11, "pages": 8, "ocr": null, "route": "docling", "dom_key": "dom/d-20eec822e1be93ce/dom-v0.1.0.docJSON", "raw_key": "raw/20eec822e1be93ce19d2953292d2076c22a00f63f0ddcc5f8d9ccf35489a23ae.pdf"}
OK   PMC12333238.pdf              pdf        pages=8   blocks=111  tables=3   route=docling
      timings: detect_ms=0.0ms  route_ms=685.9ms  scan_ms=4.4ms  plan_ms=2.4ms  run_ms=9123.4ms  assemble_ms=169.3ms  total_ms=9986.4ms  total=9986.4ms
[event] {"event": "document.parsed.v1", "time": "1789322632.946", "document_id": "d-f61db2c4ed4bda19", "parser_version": "parser-v0.1.0", "type": "pdf", "probe": "magic", "sha256": "f61db2c4ed4bda19b95780855099ee6e7e0ae24acb70767138bace67f85e4fb7", "expected_pages": 2, "actual_pages": 2, "assembly_status": "ok", "elapsed_ms": 904.0, "timings": {"detect_ms": 0.0, "route_ms": 154.3, "scan_ms": 2.6, "plan_ms": 2.1, "run_ms": 717.3, "assemble_ms": 27.4, "total_ms": 904.0}, "blocks": 9, "tables": 0, "images": 0, "pages": 2, "ocr": null, "route": "docling", "dom_key": "dom/d-f61db2c4ed4bda19/dom-v0.1.0.docJSON", "raw_key": "raw/f61db2c4ed4bda19b95780855099ee6e7e0ae24acb70767138bace67f85e4fb7.pdf"}
OK   PMC12359599.pdf              pdf        pages=2   blocks=9    tables=0   route=docling
      timings: detect_ms=0.0ms  route_ms=154.3ms  scan_ms=2.6ms  plan_ms=2.1ms  run_ms=717.3ms  assemble_ms=27.4ms  total_ms=904.0ms  total=904.0ms
[event] {"event": "document.parsed.v1", "time": "1789322639.720", "document_id": "d-a95312fd0661250f", "parser_version": "parser-v0.1.0", "type": "pdf", "probe": "magic", "sha256": "a95312fd0661250fa854817190a520a4f124ae95724d7b7341ab67c61758834c", "expected_pages": 5, "actual_pages": 5, "assembly_status": "ok", "elapsed_ms": 6771.9, "timings": {"detect_ms": 0.0, "route_ms": 710.4, "scan_ms": 4.6, "plan_ms": 2.3, "run_ms": 5930.9, "assemble_ms": 123.1, "total_ms": 6771.9}, "blocks": 75, "tables": 0, "images": 7, "pages": 5, "ocr": null, "route": "docling", "dom_key": "dom/d-a95312fd0661250f/dom-v0.1.0.docJSON", "raw_key": "raw/a95312fd0661250fa854817190a520a4f124ae95724d7b7341ab67c61758834c.pdf"}
OK   PMC12378150.pdf              pdf        pages=5   blocks=75   tables=0   route=docling
      timings: detect_ms=0.0ms  route_ms=710.4ms  scan_ms=4.6ms  plan_ms=2.3ms  run_ms=5930.9ms  assemble_ms=123.1ms  total_ms=6771.9ms  total=6771.9ms

parsed 100/100 documents -> store under C:\Users\Asus\Downloads\projects\22_07\checkpoints\run\run-2026-09-13-postfix-benchmark\parsed-bA
[parse_folder] input : C:\Users\Asus\Downloads\projects\22_07\checkpoints\run\run-2026-09-04-parser-reliability\sources\pdf
[parse_folder] output: C:\Users\Asus\Downloads\projects\22_07\checkpoints\run\run-2026-09-13-postfix-benchmark\parsed-bA
[parse_folder] launching parser...


[bench] postfixA complete: ok=100 failed=0 dead=0 unparsed=0 wall=1699.1s avg_doc=16.90s peak_tree=3498MB peak_worker=3469MB
[bench] full report written to: checkpoints\run\run-2026-09-13-postfix-benchmark\reports\benchmark-postfixA.md
